{"type":"FeatureCollection","name":"point_pleasant_beach_road_centerlines","metadata":{"source":"NJOGIS NG911 Road Centerlines (Tran_road)","url":"https://services2.arcgis.com/XVOqAjTOJ5P6ngMu/arcgis/rest/services/Tran_road/FeatureServer/0","query_url":"https://services2.arcgis.com/XVOqAjTOJ5P6ngMu/arcgis/rest/services/Tran_road/FeatureServer/0/query","retrieved_at_utc":"2026-09-04T20:05:55.077710+00:00","source_last_edit_date":1785341586960,"out_sr":4326,"query_envelope_wgs84":[-74.0593489,40.0754981,-74.0313755,40.1067516],"spatial_relationship":"esriSpatialRelIntersects","boundary_file":"point_pleasant_beach_boundary.geojson","boundary_sha256":"a384d60ec8edbef38e1ff3b013f33104de117de9faafea2a2341df5ce30a57df","fields":["OBJECTID","PRIMENAME","ELEVTYP_F","ELEVTYP_T"],"feature_count":745,"complete_objectid_inventory_verified":true,"municipal_clipping":"Envelope selection only; clip against the actual municipal boundary in the application."},"features":[{"type":"Feature","id":410,"properties":{"OBJECTID":410,"PRIMENAME":"Stonehedge Lane","ELEVTYP_F":0,"ELEVTYP_T":0},"geometry":{"type":"LineString","coordinates":[[-74.0556401813488,40.093542524958],[-74.0557277513758,40.093563953237]]}},{"type":"Feature","id":1292,"properties":{"OBJECTID":1292,"PRIMENAME":"Linden Lane","ELEVTYP_F":0,"ELEVTYP_T":0},"geometry":{"type":"LineString","coordinates":[[-74.0581538208149,40.104330881732],[-74.058091723235,40.1043306448315],[-74.0580231972254,40.1043732922045],[-74.0578111744016,40.1045249849673],[-74.0574807509161,40.1047525170221],[-74.0573684741931,40.1048378786561],[-74.0573245993872,40.104899672991],[-74.0573180748759,40.1049520555544],[-74.0573549209675,40.1050094090474],[-74.0577877342836,40.1052684342061],[-74.0586223703717,40.1057815861076],[-74.0590922570583,40.1060645771712],[-74.0591687552861,40.1061106602776]]}},{"type":"Feature","id":1887,"properties":{"OBJECTID":1887,"PRIMENAME":"Belaire Road","ELEVTYP_F":0,"ELEVTYP_T":0},"geometry":{"type":"LineString","coordinates":[[-74.060502494326,40.1047330277325],[-74.0604480820484,40.1046827744572],[-74.0596397981862,40.1039361924631],[-74.0595351876064,40.1038377861871],[-74.059428125549,40.1037370701301],[-74.0593498277701,40.103663414735]]}},{"type":"Feature","id":2699,"properties":{"OBJECTID":2699,"PRIMENAME":"Michele Lane","ELEVTYP_F":0,"ELEVTYP_T":0},"geometry":{"type":"LineString","coordinates":[[-74.0414693852052,40.0785647852417],[-74.0414616844443,40.0786047815533],[-74.0414688865557,40.07863912646],[-74.0414873531732,40.0786620681449],[-74.0415244949173,40.0786765181491],[-74.0420928096032,40.0788617966652]]}},{"type":"Feature","id":2729,"properties":{"OBJECTID":2729,"PRIMENAME":"Forman Avenue","ELEVTYP_F":0,"ELEVTYP_T":0},"geometry":{"type":"LineString","coordinates":[[-74.0535036930948,40.0884940528929],[-74.0523838301551,40.0885862283723],[-74.0518627456189,40.0886276170714]]}},{"type":"Feature","id":2825,"properties":{"OBJECTID":2825,"PRIMENAME":"Ocean Avenue","ELEVTYP_F":0,"ELEVTYP_T":0},"geometry":{"type":"LineString","coordinates":[[-74.0420928096032,40.0788617966652],[-74.0420233010541,40.0789787191472],[-74.0419624094611,40.0790579555404],[-74.0418624832717,40.0791701461014],[-74.0416712136802,40.0794045252784],[-74.0414972928769,40.0796257416184],[-74.041414680072,40.079724767326],[-74.0413581020304,40.0798106369535],[-74.0412927279367,40.0799130525743],[-74.0412316109183,40.0800254511796],[-74.041179188166,40.0801311848338],[-74.0411352962961,40.0802435966635],[-74.0411039740769,40.0803309928926]]}},{"type":"Feature","id":2845,"properties":{"OBJECTID":2845,"PRIMENAME":"Baltimore Avenue","ELEVTYP_F":0,"ELEVTYP_T":0},"geometry":{"type":"LineString","coordinates":[[-74.0411532535995,40.0851870199689],[-74.041153867119,40.0851915249578],[-74.0412664160659,40.0860328331692]]}},{"type":"Feature","id":3606,"properties":{"OBJECTID":3606,"PRIMENAME":"Charles Street","ELEVTYP_F":0,"ELEVTYP_T":0},"geometry":{"type":"LineString","coordinates":[[-74.0580477366617,40.0789520648794],[-74.0578554476164,40.0799030809425]]}},{"type":"Feature","id":3757,"properties":{"OBJECTID":3757,"PRIMENAME":"Warren Place","ELEVTYP_F":0,"ELEVTYP_T":0},"geometry":{"type":"LineString","coordinates":[[-74.0507145995671,40.0784392836303],[-74.0509159368831,40.0780652732766]]}},{"type":"Feature","id":3845,"properties":{"OBJECTID":3845,"PRIMENAME":"Ocean Avenue","ELEVTYP_F":0,"ELEVTYP_T":0},"geometry":{"type":"LineString","coordinates":[[-74.0363786738556,40.0988061320868],[-74.0363313503646,40.0990719262185],[-74.0363040761401,40.0992251171094]]}},{"type":"Feature","id":3954,"properties":{"OBJECTID":3954,"PRIMENAME":"Riverview Lane","ELEVTYP_F":0,"ELEVTYP_T":0},"geometry":{"type":"LineString","coordinates":[[-74.0581538208149,40.104330881732],[-74.0578238018814,40.1040378872765]]}},{"type":"Feature","id":4002,"properties":{"OBJECTID":4002,"PRIMENAME":"Locust Road","ELEVTYP_F":0,"ELEVTYP_T":0},"geometry":{"type":"LineString","coordinates":[[-74.0588804247748,40.1064465481152],[-74.058952987895,40.1064930009688],[-74.0593423685242,40.1067423291965],[-74.0596450951977,40.1069627208135],[-74.0600220803649,40.1072167489496],[-74.0604051657761,40.107489878296],[-74.0605906323618,40.1076097557963],[-74.0606836162485,40.1076722605467],[-74.0607760326913,40.1077343820789],[-74.0608996746902,40.1078110878821],[-74.0609986827234,40.1078543999217],[-74.0611598239503,40.1078931160108],[-74.0614821724765,40.1079658245546],[-74.0616059934552,40.1080091750731],[-74.0616988534811,40.1080524623429],[-74.061834902705,40.108129187076],[-74.0620142744251,40.1082299590425],[-74.0621774498829,40.1083255842202],[-74.0622926070714,40.1083930667324]]}},{"type":"Feature","id":4081,"properties":{"OBJECTID":4081,"PRIMENAME":"Maryland Avenue","ELEVTYP_F":0,"ELEVTYP_T":0},"geometry":{"type":"LineString","coordinates":[[-74.0419999676401,40.077132647594],[-74.0414690733407,40.0769490550957]]}},{"type":"Feature","id":4179,"properties":{"OBJECTID":4179,"PRIMENAME":"Dartmouth Avenue","ELEVTYP_F":0,"ELEVTYP_T":0},"geometry":{"type":"LineString","coordinates":[[-74.0455104231488,40.0996672923654],[-74.0455168766838,40.1000298353823]]}},{"type":"Feature","id":4236,"properties":{"OBJECTID":4236,"PRIMENAME":"FR CO 635 to RT 35 NB","ELEVTYP_F":0,"ELEVTYP_T":0},"geometry":{"type":"LineString","coordinates":[[-74.0423483891643,40.0784214418853],[-74.0424470326144,40.0784449716074],[-74.0425452212258,40.0784695984664],[-74.0426163331164,40.0784881957475],[-74.0427691876989,40.0785385376815],[-74.042921100033,40.0785905356516]]}},{"type":"Feature","id":5085,"properties":{"OBJECTID":5085,"PRIMENAME":"Chicago Avenue","ELEVTYP_F":0,"ELEVTYP_T":0},"geometry":{"type":"LineString","coordinates":[[-74.04435072751,40.0953743446944],[-74.0443620599968,40.0961783526413]]}},{"type":"Feature","id":5574,"properties":{"OBJECTID":5574,"PRIMENAME":"Boston Avenue","ELEVTYP_F":0,"ELEVTYP_T":0},"geometry":{"type":"LineString","coordinates":[[-74.0404306334984,40.0997221684652],[-74.0404465272843,40.1006169819141]]}},{"type":"Feature","id":5904,"properties":{"OBJECTID":5904,"PRIMENAME":"Ellison Avenue","ELEVTYP_F":0,"ELEVTYP_T":0},"geometry":{"type":"LineString","coordinates":[[-74.0569117672867,40.0851962621836],[-74.0594958797544,40.0857266014917]]}},{"type":"Feature","id":5950,"properties":{"OBJECTID":5950,"PRIMENAME":"Yale Avenue","ELEVTYP_F":0,"ELEVTYP_T":0},"geometry":{"type":"LineString","coordinates":[[-74.0465059531766,40.0982089333296],[-74.0460521091384,40.0982120148044],[-74.0454847764652,40.0982242857148]]}},{"type":"Feature","id":6843,"properties":{"OBJECTID":6843,"PRIMENAME":"Catherine Street","ELEVTYP_F":0,"ELEVTYP_T":0},"geometry":{"type":"LineString","coordinates":[[-74.0575545224429,40.0810857136498],[-74.057340001298,40.0810325953884],[-74.0567477242535,40.0808850209828]]}},{"type":"Feature","id":7097,"properties":{"OBJECTID":7097,"PRIMENAME":"Atlantic Avenue","ELEVTYP_F":0,"ELEVTYP_T":0},"geometry":{"type":"LineString","coordinates":[[-74.0416057897775,40.0885737287002],[-74.0426917295637,40.0884894568186],[-74.0435998247275,40.0884188321028]]}},{"type":"Feature","id":7567,"properties":{"OBJECTID":7567,"PRIMENAME":"Unnamed Segment","ELEVTYP_F":0,"ELEVTYP_T":0},"geometry":{"type":"LineString","coordinates":[[-74.0594371792922,40.083252282592],[-74.0591917457658,40.0839627122485]]}},{"type":"Feature","id":7948,"properties":{"OBJECTID":7948,"PRIMENAME":"Broadway","ELEVTYP_F":0,"ELEVTYP_T":0},"geometry":{"type":"LineString","coordinates":[[-74.04994044171,40.1001862399515],[-74.0501520359153,40.1001598835994],[-74.0503368815558,40.1001130251019]]}},{"type":"Feature","id":9794,"properties":{"OBJECTID":9794,"PRIMENAME":"Lister Street","ELEVTYP_F":0,"ELEVTYP_T":0},"geometry":{"type":"LineString","coordinates":[[-74.0515632099632,40.0813950512012],[-74.0521902190483,40.079829653325]]}},{"type":"Feature","id":10293,"properties":{"OBJECTID":10293,"PRIMENAME":"New York Avenue","ELEVTYP_F":0,"ELEVTYP_T":0},"geometry":{"type":"LineString","coordinates":[[-74.0433676477363,40.0867270785666],[-74.0417887172992,40.08684754042],[-74.0413796799099,40.0868800182952]]}},{"type":"Feature","id":10657,"properties":{"OBJECTID":10657,"PRIMENAME":"Osborne Avenue","ELEVTYP_F":0,"ELEVTYP_T":0},"geometry":{"type":"LineString","coordinates":[[-74.0507145995671,40.0784392836303],[-74.051298475204,40.0786365466877],[-74.054148502606,40.0796011090221],[-74.0547761761842,40.0798095872137]]}},{"type":"Feature","id":11074,"properties":{"OBJECTID":11074,"PRIMENAME":"Woodland Road","ELEVTYP_F":0,"ELEVTYP_T":0},"geometry":{"type":"LineString","coordinates":[[-74.0540181235727,40.0936777013879],[-74.0540830745386,40.0934092411334],[-74.05409842987,40.0933349572188],[-74.054098691087,40.0932949315211],[-74.0540920708602,40.0932412077459]]}},{"type":"Feature","id":11342,"properties":{"OBJECTID":11342,"PRIMENAME":"Lake Terrace","ELEVTYP_F":0,"ELEVTYP_T":0},"geometry":{"type":"LineString","coordinates":[[-74.0417633947689,40.0953887359324],[-74.0419715618868,40.0954880056073],[-74.0420396498127,40.0955320357601],[-74.0421190790636,40.0955907144972],[-74.0422097379968,40.0956698634155],[-74.0422890736949,40.0957372999775],[-74.0423448457818,40.0957842454549]]}},{"type":"Feature","id":11906,"properties":{"OBJECTID":11906,"PRIMENAME":"Woods End Road","ELEVTYP_F":0,"ELEVTYP_T":0},"geometry":{"type":"LineString","coordinates":[[-74.0561949305084,40.0794564374087],[-74.0562034928607,40.079469703194],[-74.0562218361809,40.0795068351843],[-74.0562346443169,40.079548805207],[-74.0562343662993,40.0795916311967],[-74.0562262391755,40.079637748874],[-74.0559150149574,40.0804160204396]]}},{"type":"Feature","id":12429,"properties":{"OBJECTID":12429,"PRIMENAME":"Atlantic Avenue","ELEVTYP_F":0,"ELEVTYP_T":0},"geometry":{"type":"LineString","coordinates":[[-74.0455871344846,40.088263464062],[-74.0456904852358,40.0882553317888],[-74.0469421193384,40.088160139109],[-74.0477491212217,40.0880955110449]]}},{"type":"Feature","id":12519,"properties":{"OBJECTID":12519,"PRIMENAME":"Ocean Avenue","ELEVTYP_F":0,"ELEVTYP_T":0},"geometry":{"type":"LineString","coordinates":[[-74.036109317179,40.1004253391698],[-74.0363518469905,40.1004546639366]]}},{"type":"Feature","id":13619,"properties":{"OBJECTID":13619,"PRIMENAME":"Bay Avenue","ELEVTYP_F":0,"ELEVTYP_T":0},"geometry":{"type":"LineString","coordinates":[[-74.0547046616293,40.0804147383257],[-74.0546949877773,40.0804500866616],[-74.0546607568276,40.0805586146622],[-74.0546153018019,40.0806785482045],[-74.0545735448706,40.0808013502415],[-74.054486553727,40.0810155076105],[-74.0544259717329,40.0811696983857],[-74.0543691995919,40.0813096007796],[-74.0542707790826,40.0815608576652],[-74.0541346519029,40.081883485231],[-74.0540847163748,40.0819886038103]]}},{"type":"Feature","id":13667,"properties":{"OBJECTID":13667,"PRIMENAME":"Arnold Avenue","ELEVTYP_F":0,"ELEVTYP_T":0},"geometry":{"type":"LineString","coordinates":[[-74.0564470968711,40.0912256913658],[-74.0563331904296,40.0912335135839]]}},{"type":"Feature","id":14421,"properties":{"OBJECTID":14421,"PRIMENAME":"New York Avenue","ELEVTYP_F":0,"ELEVTYP_T":0},"geometry":{"type":"LineString","coordinates":[[-74.0475216896211,40.0863896729625],[-74.0489928244541,40.0862766204532]]}},{"type":"Feature","id":17356,"properties":{"OBJECTID":17356,"PRIMENAME":"Broadway","ELEVTYP_F":0,"ELEVTYP_T":0},"geometry":{"type":"LineString","coordinates":[[-74.0465709776959,40.1005571672836],[-74.0473384263269,40.1005492706686],[-74.0474678664199,40.100539865259],[-74.0475973626638,40.1005271120607],[-74.047677135142,40.1005194344883]]}},{"type":"Feature","id":18471,"properties":{"OBJECTID":18471,"PRIMENAME":"Boston Avenue","ELEVTYP_F":0,"ELEVTYP_T":0},"geometry":{"type":"LineString","coordinates":[[-74.0403218156825,40.0945208598474],[-74.0403332735714,40.095399925949]]}},{"type":"Feature","id":18627,"properties":{"OBJECTID":18627,"PRIMENAME":"FR RIVER AVE to RT 35 SB","ELEVTYP_F":0,"ELEVTYP_T":0},"geometry":{"type":"LineString","coordinates":[[-74.0504157865262,40.0961576708519],[-74.0504050810387,40.096163449163],[-74.0503942393949,40.0961690757569],[-74.0503832652397,40.0961745487422],[-74.0503721622629,40.0961798662786],[-74.0503609341973,40.0961850265783],[-74.050349584818,40.0961900279064],[-74.0503381179407,40.0961948685813],[-74.0503265374208,40.0961995469756],[-74.0503259118337,40.0961997985418],[-74.050324028036,40.0962005532127]]}},{"type":"Feature","id":18702,"properties":{"OBJECTID":18702,"PRIMENAME":"Ocean Avenue","ELEVTYP_F":0,"ELEVTYP_T":0},"geometry":{"type":"LineString","coordinates":[[-74.0423910462636,40.0783327444271],[-74.0423483891643,40.0784214418853]]}},{"type":"Feature","id":19009,"properties":{"OBJECTID":19009,"PRIMENAME":"Newark Avenue","ELEVTYP_F":0,"ELEVTYP_T":0},"geometry":{"type":"LineString","coordinates":[[-74.0450249016367,40.084026774403],[-74.0456686882906,40.0839802431424],[-74.046331735596,40.083928511082],[-74.0465179455514,40.0839120820007]]}},{"type":"Feature","id":19283,"properties":{"OBJECTID":19283,"PRIMENAME":"New York Avenue","ELEVTYP_F":0,"ELEVTYP_T":0},"geometry":{"type":"LineString","coordinates":[[-74.045365558187,40.0865717830101],[-74.044176510362,40.086665365804],[-74.0433676477363,40.0867270785666]]}},{"type":"Feature","id":19458,"properties":{"OBJECTID":19458,"PRIMENAME":"Maryland Avenue","ELEVTYP_F":0,"ELEVTYP_T":0},"geometry":{"type":"LineString","coordinates":[[-74.0459893661792,40.0784739012096],[-74.0458550277409,40.078428805649],[-74.0448719864772,40.0780988130305],[-74.042601880785,40.0773367242365],[-74.0425572487149,40.0773308385113],[-74.0425125402387,40.0773363714545],[-74.0424044651989,40.0773531028068]]}},{"type":"Feature","id":20182,"properties":{"OBJECTID":20182,"PRIMENAME":"Arnold Avenue","ELEVTYP_F":0,"ELEVTYP_T":0},"geometry":{"type":"LineString","coordinates":[[-74.0490992172091,40.0917927807969],[-74.0486720922047,40.0918268883292],[-74.0485145812575,40.091838529317],[-74.0482522064269,40.0918579205383]]}},{"type":"Feature","id":20737,"properties":{"OBJECTID":20737,"PRIMENAME":"Bay Avenue","ELEVTYP_F":0,"ELEVTYP_T":0},"geometry":{"type":"LineString","coordinates":[[-74.0551518374608,40.0756555781312],[-74.0552364047293,40.0764169060596]]}},{"type":"Feature","id":20754,"properties":{"OBJECTID":20754,"PRIMENAME":"New Jersey Avenue","ELEVTYP_F":0,"ELEVTYP_T":0},"geometry":{"type":"LineString","coordinates":[[-74.0520313573581,40.0868973766686],[-74.0517173001784,40.086923093318],[-74.0506370435901,40.0870075539066],[-74.0491088036009,40.087127624946]]}},{"type":"Feature","id":22419,"properties":{"OBJECTID":22419,"PRIMENAME":"Arnold Avenue","ELEVTYP_F":0,"ELEVTYP_T":0},"geometry":{"type":"LineString","coordinates":[[-74.0572642338645,40.0911968933162],[-74.056538124979,40.0912221687186],[-74.0564470968711,40.0912256913658]]}},{"type":"Feature","id":22755,"properties":{"OBJECTID":22755,"PRIMENAME":"Forman Avenue","ELEVTYP_F":0,"ELEVTYP_T":0},"geometry":{"type":"LineString","coordinates":[[-74.0375156787504,40.0897449558202],[-74.0384742967463,40.089675177407]]}},{"type":"Feature","id":22911,"properties":{"OBJECTID":22911,"PRIMENAME":"Ocean Avenue","ELEVTYP_F":0,"ELEVTYP_T":0},"geometry":{"type":"LineString","coordinates":[[-74.0384742967463,40.089675177407],[-74.0382686221168,40.090405982803],[-74.0382316092295,40.0905408227208]]}},{"type":"Feature","id":22944,"properties":{"OBJECTID":22944,"PRIMENAME":"Arnold Avenue","ELEVTYP_F":0,"ELEVTYP_T":0},"geometry":{"type":"LineString","coordinates":[[-74.0401140178784,40.0924981684596],[-74.0398876328256,40.0925158552014],[-74.0391090013952,40.0925785101743],[-74.0377305929292,40.0926845590077]]}},{"type":"Feature","id":23370,"properties":{"OBJECTID":23370,"PRIMENAME":"Unnamed Segment","ELEVTYP_F":0,"ELEVTYP_T":0},"geometry":{"type":"LineString","coordinates":[[-74.0446516962482,40.0791345458817],[-74.0451259015883,40.0782973719407],[-74.0460329323542,40.0786152033319],[-74.0458575226679,40.0793594627263]]}},{"type":"Feature","id":29192,"properties":{"OBJECTID":29192,"PRIMENAME":"Burnt Tavern Road","ELEVTYP_F":0,"ELEVTYP_T":0},"geometry":{"type":"LineString","coordinates":[[-74.0599479294177,40.0786281344205],[-74.0599055076277,40.0786116662158],[-74.0598349313158,40.078588529472],[-74.0596120348686,40.0785161663895],[-74.0592492182305,40.078399333893]]}},{"type":"Feature","id":31494,"properties":{"OBJECTID":31494,"PRIMENAME":"Ocean Front","ELEVTYP_F":0,"ELEVTYP_T":0},"geometry":{"type":"LineString","coordinates":[[-74.0403823175979,40.08090615767],[-74.040207422133,40.0814471310714]]}},{"type":"Feature","id":32972,"properties":{"OBJECTID":32972,"PRIMENAME":"Higgins Avenue","ELEVTYP_F":0,"ELEVTYP_T":0},"geometry":{"type":"LineString","coordinates":[[-74.0548875180435,40.1053042961334],[-74.0548232417351,40.1052496655014],[-74.054705986629,40.1051491491202],[-74.054582818629,40.1049961735636],[-74.054453626195,40.1048240674803]]}},{"type":"Feature","id":35072,"properties":{"OBJECTID":35072,"PRIMENAME":"South Street","ELEVTYP_F":0,"ELEVTYP_T":0},"geometry":{"type":"LineString","coordinates":[[-74.0552463164403,40.0756554914431],[-74.0559434749586,40.075654854895],[-74.0560216268435,40.0756608369119],[-74.0560848769065,40.0756668167168],[-74.0561443010868,40.0756842026244],[-74.056200006824,40.0757072846545],[-74.0564299701561,40.0758339832956],[-74.0564633424078,40.0758570076045],[-74.0564967342637,40.0758714105391],[-74.0565106548505,40.0758739353348]]}},{"type":"Feature","id":36603,"properties":{"OBJECTID":36603,"PRIMENAME":"Arnold Avenue","ELEVTYP_F":0,"ELEVTYP_T":0},"geometry":{"type":"LineString","coordinates":[[-74.0536767509097,40.0914396438385],[-74.0532802865423,40.0914701540423],[-74.0524197716023,40.0915354649443],[-74.0518050894398,40.0915816805168]]}},{"type":"Feature","id":36829,"properties":{"OBJECTID":36829,"PRIMENAME":"Ocean Avenue","ELEVTYP_F":0,"ELEVTYP_T":0},"geometry":{"type":"LineString","coordinates":[[-74.0364761551441,40.0982585399048],[-74.0364452658377,40.0984321080001]]}},{"type":"Feature","id":38167,"properties":{"OBJECTID":38167,"PRIMENAME":null,"ELEVTYP_F":0,"ELEVTYP_T":0},"geometry":{"type":"LineString","coordinates":[[-74.0503368815558,40.1001130251019],[-74.0503925317037,40.1000968395674],[-74.050462510079,40.1000470760576],[-74.0505045198799,40.0999811320637],[-74.0505292972497,40.0998828368606],[-74.0505358998316,40.0998627942119]]}},{"type":"Feature","id":40965,"properties":{"OBJECTID":40965,"PRIMENAME":"Trenton Avenue","ELEVTYP_F":0,"ELEVTYP_T":0},"geometry":{"type":"LineString","coordinates":[[-74.0587868004029,40.0893473611456],[-74.0584404633116,40.0893226243831]]}},{"type":"Feature","id":40984,"properties":{"OBJECTID":40984,"PRIMENAME":"Water Street","ELEVTYP_F":0,"ELEVTYP_T":0},"geometry":{"type":"LineString","coordinates":[[-74.0357914502445,40.0973875905587],[-74.0356727181033,40.0973886602488],[-74.0355108844255,40.0973901172155]]}},{"type":"Feature","id":42914,"properties":{"OBJECTID":42914,"PRIMENAME":"Riverview Lane","ELEVTYP_F":0,"ELEVTYP_T":0},"geometry":{"type":"LineString","coordinates":[[-74.0578238018814,40.1040378872765],[-74.0576415898463,40.1038761158556]]}},{"type":"Feature","id":44907,"properties":{"OBJECTID":44907,"PRIMENAME":"Trenton Avenue","ELEVTYP_F":0,"ELEVTYP_T":0},"geometry":{"type":"LineString","coordinates":[[-74.0554761637879,40.0891259650758],[-74.0554398569633,40.0891235334834],[-74.0550662686185,40.089098515419]]}},{"type":"Feature","id":47528,"properties":{"OBJECTID":47528,"PRIMENAME":"Yale Avenue","ELEVTYP_F":0,"ELEVTYP_T":0},"geometry":{"type":"LineString","coordinates":[[-74.0473490648225,40.0974765159991],[-74.0472974062273,40.0976602773627],[-74.0472525605403,40.0977762289549],[-74.0472078044586,40.0978680216686],[-74.0471632105581,40.0979404609701],[-74.0470997716998,40.0980031351465]]}},{"type":"Feature","id":47604,"properties":{"OBJECTID":47604,"PRIMENAME":"Ocean Avenue","ELEVTYP_F":0,"ELEVTYP_T":0},"geometry":{"type":"LineString","coordinates":[[-74.0373661759462,40.0944997031762],[-74.0372858608922,40.0948100142535],[-74.0372026010581,40.0951499822285],[-74.0371336972639,40.0954313293251]]}},{"type":"Feature","id":47619,"properties":{"OBJECTID":47619,"PRIMENAME":"Liberty Lane","ELEVTYP_F":0,"ELEVTYP_T":0},"geometry":{"type":"LineString","coordinates":[[-74.0458556213708,40.0904006172611],[-74.0446345870921,40.0904837284358],[-74.0439687132327,40.090552844444],[-74.0438858551631,40.0905587221743]]}},{"type":"Feature","id":47623,"properties":{"OBJECTID":47623,"PRIMENAME":"Bay Avenue","ELEVTYP_F":0,"ELEVTYP_T":0},"geometry":{"type":"LineString","coordinates":[[-74.0519477719577,40.0877618823293],[-74.0518627456189,40.0886276170714]]}},{"type":"Feature","id":48104,"properties":{"OBJECTID":48104,"PRIMENAME":"Brown Street","ELEVTYP_F":0,"ELEVTYP_T":0},"geometry":{"type":"LineString","coordinates":[[-74.0587056887917,40.1066421723472],[-74.0586042003145,40.1065793300611],[-74.0579849806015,40.1061959195738],[-74.0575645519232,40.105944683913],[-74.0571556160788,40.1056803406017],[-74.0564568363559,40.1052572512802],[-74.0563688761679,40.105203984519]]}},{"type":"Feature","id":48179,"properties":{"OBJECTID":48179,"PRIMENAME":"Niblick Street","ELEVTYP_F":0,"ELEVTYP_T":0},"geometry":{"type":"LineString","coordinates":[[-74.04435072751,40.0953743446944],[-74.045126852792,40.0953700103555],[-74.0464921908575,40.0953493655223]]}},{"type":"Feature","id":48394,"properties":{"OBJECTID":48394,"PRIMENAME":"South Richmond Avenue","ELEVTYP_F":0,"ELEVTYP_T":0},"geometry":{"type":"LineString","coordinates":[[-74.0490634587594,40.0787669739665],[-74.0483695387552,40.0799726214572],[-74.0482662933305,40.0801544776918]]}},{"type":"Feature","id":48741,"properties":{"OBJECTID":48741,"PRIMENAME":"Washington Avenue","ELEVTYP_F":0,"ELEVTYP_T":0},"geometry":{"type":"LineString","coordinates":[[-74.0411532535995,40.0851870199689],[-74.0431488972822,40.085033455868]]}},{"type":"Feature","id":48821,"properties":{"OBJECTID":48821,"PRIMENAME":"Ocean Avenue","ELEVTYP_F":0,"ELEVTYP_T":0},"geometry":{"type":"LineString","coordinates":[[-74.0411039740769,40.0803309928926],[-74.04106063316,40.0804519445375],[-74.0409811641799,40.08072651835],[-74.0408890828894,40.0810483716995]]}},{"type":"Feature","id":49032,"properties":{"OBJECTID":49032,"PRIMENAME":"River Avenue","ELEVTYP_F":0,"ELEVTYP_T":0},"geometry":{"type":"LineString","coordinates":[[-74.0506963556683,40.095898257312],[-74.0509023693788,40.0945817468038],[-74.0510519752701,40.0936448022932]]}},{"type":"Feature","id":49043,"properties":{"OBJECTID":49043,"PRIMENAME":"Marcia Avenue","ELEVTYP_F":0,"ELEVTYP_T":0},"geometry":{"type":"LineString","coordinates":[[-74.0506216689588,40.0860299427527],[-74.0506664953152,40.086007248071],[-74.0506815683331,40.0859815557543],[-74.0506966976508,40.0859472980732],[-74.0509601905301,40.0849901446665]]}},{"type":"Feature","id":49282,"properties":{"OBJECTID":49282,"PRIMENAME":"Osborne Avenue","ELEVTYP_F":0,"ELEVTYP_T":0},"geometry":{"type":"LineString","coordinates":[[-74.0460331656257,40.0768575259132],[-74.0462874273943,40.0769434285669],[-74.0463151528186,40.0769527971783]]}},{"type":"Feature","id":49382,"properties":{"OBJECTID":49382,"PRIMENAME":"Baltimore Avenue","ELEVTYP_F":0,"ELEVTYP_T":0},"geometry":{"type":"LineString","coordinates":[[-74.0410222861513,40.0841403168021],[-74.0411532535995,40.0851870199689]]}},{"type":"Feature","id":49980,"properties":{"OBJECTID":49980,"PRIMENAME":"Morrison Avenue","ELEVTYP_F":0,"ELEVTYP_T":0},"geometry":{"type":"LineString","coordinates":[[-74.0404215661665,40.0827034252649],[-74.0409922200369,40.082805589894]]}},{"type":"Feature","id":50240,"properties":{"OBJECTID":50240,"PRIMENAME":"Trenton Avenue","ELEVTYP_F":0,"ELEVTYP_T":0},"geometry":{"type":"LineString","coordinates":[[-74.0550662686185,40.089098515419],[-74.0548418260188,40.0890835158592]]}},{"type":"Feature","id":51273,"properties":{"OBJECTID":51273,"PRIMENAME":"Channel Drive","ELEVTYP_F":0,"ELEVTYP_T":0},"geometry":{"type":"LineString","coordinates":[[-74.047677135142,40.1005194344883],[-74.0476884224325,40.1006504019091],[-74.0476845705256,40.1006761105629],[-74.0476732651108,40.1006989628452],[-74.0476544510084,40.1007274673531],[-74.0476319565789,40.1007502759344],[-74.0471901846562,40.1011031332341],[-74.047145347026,40.1011258534701],[-74.047096810518,40.1011456770192],[-74.0470371038524,40.1011626016805],[-74.0469812233546,40.1011738318045],[-74.0469066287331,40.101187815062],[-74.0468320704224,40.1011961438847],[-74.0467426986246,40.1011957941935],[-74.0465743446183,40.101197194252]]}},{"type":"Feature","id":51285,"properties":{"OBJECTID":51285,"PRIMENAME":"Elizabeth Avenue","ELEVTYP_F":0,"ELEVTYP_T":0},"geometry":{"type":"LineString","coordinates":[[-74.0447667591243,40.0821093104368],[-74.046277206489,40.0825215981014],[-74.0465678309029,40.0825972665318]]}},{"type":"Feature","id":51298,"properties":{"OBJECTID":51298,"PRIMENAME":"Charles Street","ELEVTYP_F":0,"ELEVTYP_T":0},"geometry":{"type":"LineString","coordinates":[[-74.0585759570721,40.0761310156239],[-74.0584872486566,40.0766139636448],[-74.0582259648353,40.0778712570395],[-74.0582142979689,40.077945555778],[-74.0582213799011,40.0780055959837],[-74.0582236569012,40.0780513139539]]}},{"type":"Feature","id":51605,"properties":{"OBJECTID":51605,"PRIMENAME":"Freedom Lane","ELEVTYP_F":0,"ELEVTYP_T":0},"geometry":{"type":"LineString","coordinates":[[-74.0420242726779,40.091719946174],[-74.0440177889771,40.091570641961]]}},{"type":"Feature","id":51703,"properties":{"OBJECTID":51703,"PRIMENAME":"Ocean Avenue","ELEVTYP_F":0,"ELEVTYP_T":0},"geometry":{"type":"LineString","coordinates":[[-74.039449644618,40.0861786203551],[-74.0393271546437,40.0866296004824]]}},{"type":"Feature","id":51873,"properties":{"OBJECTID":51873,"PRIMENAME":"Chicago Avenue","ELEVTYP_F":0,"ELEVTYP_T":0},"geometry":{"type":"LineString","coordinates":[[-74.0430552788756,40.0843092049644],[-74.04303865045,40.084218678364],[-74.0430388224332,40.084192955277],[-74.0430538213678,40.0841787114528],[-74.0430836500693,40.0841702635298],[-74.0431172120671,40.0841646584967],[-74.0450249016367,40.084026774403]]}},{"type":"Feature","id":52000,"properties":{"OBJECTID":52000,"PRIMENAME":"Danby Place","ELEVTYP_F":0,"ELEVTYP_T":0},"geometry":{"type":"LineString","coordinates":[[-74.0357914502445,40.0973875905587],[-74.0356582186099,40.0978365728202]]}},{"type":"Feature","id":52699,"properties":{"OBJECTID":52699,"PRIMENAME":"North Street","ELEVTYP_F":0,"ELEVTYP_T":0},"geometry":{"type":"LineString","coordinates":[[-74.0460648934244,40.0809528065753],[-74.0465032994318,40.0810722973244]]}},{"type":"Feature","id":53109,"properties":{"OBJECTID":53109,"PRIMENAME":"Arnold Avenue","ELEVTYP_F":0,"ELEVTYP_T":0},"geometry":{"type":"LineString","coordinates":[[-74.0482522064269,40.0918579205383],[-74.0481317587168,40.0918668314375],[-74.0478637200272,40.0918866581355],[-74.0473423882408,40.0919287667338]]}},{"type":"Feature","id":53808,"properties":{"OBJECTID":53808,"PRIMENAME":"Forman Avenue","ELEVTYP_F":0,"ELEVTYP_T":0},"geometry":{"type":"LineString","coordinates":[[-74.0397278724147,40.0895782312893],[-74.0416240124171,40.0894273183961],[-74.0417184240328,40.0894200045516]]}},{"type":"Feature","id":54452,"properties":{"OBJECTID":54452,"PRIMENAME":"Maryland Avenue","ELEVTYP_F":0,"ELEVTYP_T":0},"geometry":{"type":"LineString","coordinates":[[-74.0465949587865,40.0787085815671],[-74.0465693058077,40.0786753176446],[-74.0465523431665,40.078635554106],[-74.0465472079806,40.0786012067934],[-74.046453279914,40.0779728029348],[-74.0464664353087,40.0779397458609],[-74.0464967507033,40.0779166671906]]}},{"type":"Feature","id":54973,"properties":{"OBJECTID":54973,"PRIMENAME":"Bay Avenue","ELEVTYP_F":0,"ELEVTYP_T":0},"geometry":{"type":"LineString","coordinates":[[-74.0549737473869,40.0785511783173],[-74.0549138743134,40.0788494749414],[-74.0548633365137,40.0791135171027]]}},{"type":"Feature","id":55281,"properties":{"OBJECTID":55281,"PRIMENAME":"Higgins Avenue","ELEVTYP_F":0,"ELEVTYP_T":0},"geometry":{"type":"LineString","coordinates":[[-74.0563402928409,40.106290878776],[-74.0570974740134,40.106778817403],[-74.0573509046139,40.1069418408557],[-74.0579937254441,40.1073637240072],[-74.0580394431308,40.1073930537602]]}},{"type":"Feature","id":55399,"properties":{"OBJECTID":55399,"PRIMENAME":"Baltimore Avenue","ELEVTYP_F":0,"ELEVTYP_T":0},"geometry":{"type":"LineString","coordinates":[[-74.042392482587,40.0984329388789],[-74.0424015969627,40.0989404766651]]}},{"type":"Feature","id":55691,"properties":{"OBJECTID":55691,"PRIMENAME":"Yale Avenue","ELEVTYP_F":0,"ELEVTYP_T":0},"geometry":{"type":"LineString","coordinates":[[-74.0443982188352,40.0982392062229],[-74.0438396025051,40.0982468639042],[-74.0423893087033,40.0982561326291]]}},{"type":"Feature","id":55693,"properties":{"OBJECTID":55693,"PRIMENAME":"New Jersey Avenue","ELEVTYP_F":0,"ELEVTYP_T":0},"geometry":{"type":"LineString","coordinates":[[-74.0532994926358,40.0868918140823],[-74.0526820346912,40.0868553068715],[-74.052607604181,40.0868521642374],[-74.0525219495614,40.0868546885844],[-74.0524176163942,40.0868657332992],[-74.0520313573581,40.0868973766686]]}},{"type":"Feature","id":56042,"properties":{"OBJECTID":56042,"PRIMENAME":"Parkway","ELEVTYP_F":0,"ELEVTYP_T":0},"geometry":{"type":"LineString","coordinates":[[-74.044336913631,40.0944817079366],[-74.0445903378124,40.0944787784618],[-74.0453135670686,40.0944712166634],[-74.0460903522782,40.0944630883355],[-74.0464005033323,40.0944283666355]]}},{"type":"Feature","id":56458,"properties":{"OBJECTID":56458,"PRIMENAME":"Howard Avenue","ELEVTYP_F":0,"ELEVTYP_T":0},"geometry":{"type":"LineString","coordinates":[[-74.0547571355259,40.0890778555706],[-74.0548188031008,40.0883983613379]]}},{"type":"Feature","id":56464,"properties":{"OBJECTID":56464,"PRIMENAME":"East Street","ELEVTYP_F":0,"ELEVTYP_T":0},"geometry":{"type":"LineString","coordinates":[[-74.0439461114749,40.0788779388251],[-74.0439148983751,40.0789865196676],[-74.0439124232263,40.078995128653]]}},{"type":"Feature","id":56664,"properties":{"OBJECTID":56664,"PRIMENAME":"Lake Avenue","ELEVTYP_F":0,"ELEVTYP_T":0},"geometry":{"type":"LineString","coordinates":[[-74.0437723848311,40.075269256197],[-74.0437494621052,40.0753625885483],[-74.0437110304708,40.0754987427242],[-74.043703960864,40.0755354199373],[-74.0437003205723,40.0755721106572],[-74.0436965401161,40.0756245314352],[-74.0436962077494,40.0756743294645],[-74.043695945366,40.0757136418966],[-74.043688892145,40.075747683743],[-74.0436818387364,40.0757817526088],[-74.0436610475831,40.0758288355198],[-74.0435521673545,40.0760203037951]]}},{"type":"Feature","id":56988,"properties":{"OBJECTID":56988,"PRIMENAME":"Rue Avenue","ELEVTYP_F":0,"ELEVTYP_T":0},"geometry":{"type":"LineString","coordinates":[[-74.058829240342,40.0879281137049],[-74.0584404633116,40.0893226243831]]}},{"type":"Feature","id":57189,"properties":{"OBJECTID":57189,"PRIMENAME":"Washington Avenue","ELEVTYP_F":0,"ELEVTYP_T":0},"geometry":{"type":"LineString","coordinates":[[-74.0472979563617,40.0847044391262],[-74.0487696551858,40.0845871907359]]}},{"type":"Feature","id":59124,"properties":{"OBJECTID":59124,"PRIMENAME":"Saint Louis Avenue","ELEVTYP_F":0,"ELEVTYP_T":0},"geometry":{"type":"LineString","coordinates":[[-74.0459173711404,40.090897925554],[-74.0459809887034,40.0914100655671],[-74.0459816368645,40.091414707567]]}},{"type":"Feature","id":60248,"properties":{"OBJECTID":60248,"PRIMENAME":"Forman Avenue","ELEVTYP_F":0,"ELEVTYP_T":0},"geometry":{"type":"LineString","coordinates":[[-74.0456951101734,40.0891080164909],[-74.0467193101155,40.0890259632261],[-74.0478612452438,40.0889384852954]]}},{"type":"Feature","id":61210,"properties":{"OBJECTID":61210,"PRIMENAME":"FR RT 35 NB to EVERGREEN AVE","ELEVTYP_F":0,"ELEVTYP_T":0},"geometry":{"type":"LineString","coordinates":[[-74.0554290459876,40.1075909381456],[-74.0553821528027,40.1075830437471],[-74.0553185936723,40.1075596565484],[-74.055255084186,40.1075284731438],[-74.0550613815651,40.1074067162683],[-74.0548643331971,40.1072772038888],[-74.0548142980824,40.1072358050743],[-74.0547743626433,40.1071918636871],[-74.0547511259008,40.1071531483266],[-74.0547213542029,40.1070912646406],[-74.0547083000811,40.1070371037752],[-74.0547052585334,40.1069881711707],[-74.0547123461594,40.1069264012606],[-74.0547295501586,40.1068595092937],[-74.0547466013376,40.10681065393],[-74.054782731313,40.1067198412574]]}},{"type":"Feature","id":61265,"properties":{"OBJECTID":61265,"PRIMENAME":"Laurel Court","ELEVTYP_F":0,"ELEVTYP_T":0},"geometry":{"type":"LineString","coordinates":[[-74.0439556992559,40.0910942778666],[-74.0441045818019,40.0910824280779],[-74.0456223220611,40.0909701505778],[-74.0459173711404,40.090897925554]]}},{"type":"Feature","id":62361,"properties":{"OBJECTID":62361,"PRIMENAME":"Ocean Road","ELEVTYP_F":0,"ELEVTYP_T":0},"geometry":{"type":"LineString","coordinates":[[-74.0540847163748,40.0819886038103],[-74.0536298397741,40.0818819257584],[-74.0532582253082,40.0817933845496]]}},{"type":"Feature","id":62410,"properties":{"OBJECTID":62410,"PRIMENAME":"Delaware Avenue","ELEVTYP_F":0,"ELEVTYP_T":0},"geometry":{"type":"LineString","coordinates":[[-74.0437334228916,40.0769581288297],[-74.0438194226377,40.076929129234],[-74.0438964228069,40.0769141305448],[-74.0439904245748,40.0769141295212],[-74.0441224226329,40.0769621299804],[-74.0442434234815,40.0770271290408]]}},{"type":"Feature","id":62541,"properties":{"OBJECTID":62541,"PRIMENAME":"Ocean Road","ELEVTYP_F":0,"ELEVTYP_T":0},"geometry":{"type":"LineString","coordinates":[[-74.0515632099632,40.0813950512012],[-74.0513670723597,40.0813404834887]]}},{"type":"Feature","id":62602,"properties":{"OBJECTID":62602,"PRIMENAME":"Manetta Drive","ELEVTYP_F":0,"ELEVTYP_T":0},"geometry":{"type":"LineString","coordinates":[[-74.0530205548197,40.0840071417573],[-74.0523715394466,40.0838544119058]]}},{"type":"Feature","id":62817,"properties":{"OBJECTID":62817,"PRIMENAME":"Delaware Avenue","ELEVTYP_F":0,"ELEVTYP_T":0},"geometry":{"type":"LineString","coordinates":[[-74.0521902190483,40.079829653325],[-74.0515410501754,40.0796083403232]]}},{"type":"Feature","id":62878,"properties":{"OBJECTID":62878,"PRIMENAME":"McLean Avenue","ELEVTYP_F":0,"ELEVTYP_T":0},"geometry":{"type":"LineString","coordinates":[[-74.0493827051617,40.0935494827167],[-74.0498329233749,40.0935709998337],[-74.0499642359474,40.093579004727]]}},{"type":"Feature","id":63349,"properties":{"OBJECTID":63349,"PRIMENAME":"Beachcomer Lane","ELEVTYP_F":0,"ELEVTYP_T":0},"geometry":{"type":"LineString","coordinates":[[-74.0364761551441,40.0982585399048],[-74.0355554194242,40.0982741336796]]}},{"type":"Feature","id":63732,"properties":{"OBJECTID":63732,"PRIMENAME":"Bowling Green","ELEVTYP_F":0,"ELEVTYP_T":0},"geometry":{"type":"LineString","coordinates":[[-74.0362086512113,40.0998116288726],[-74.035010535423,40.0997815627962]]}},{"type":"Feature","id":63874,"properties":{"OBJECTID":63874,"PRIMENAME":"Ashley Avenue","ELEVTYP_F":0,"ELEVTYP_T":0},"geometry":{"type":"LineString","coordinates":[[-74.0560513576393,40.1054964880536],[-74.056019382269,40.1055259603318],[-74.0556684559019,40.1058588279085]]}},{"type":"Feature","id":64172,"properties":{"OBJECTID":64172,"PRIMENAME":"Baltimore Avenue","ELEVTYP_F":0,"ELEVTYP_T":0},"geometry":{"type":"LineString","coordinates":[[-74.0423305130259,40.0945032549222],[-74.0423314658228,40.094542571123],[-74.042336671796,40.09505676072],[-74.0423404035707,40.0953855535601]]}},{"type":"Feature","id":64417,"properties":{"OBJECTID":64417,"PRIMENAME":"Philadelphia Avenue","ELEVTYP_F":0,"ELEVTYP_T":0},"geometry":{"type":"LineString","coordinates":[[-74.0412664160659,40.0860328331692],[-74.0416342904121,40.0860033218132],[-74.0432576784505,40.0858807045237]]}},{"type":"Feature","id":65794,"properties":{"OBJECTID":65794,"PRIMENAME":"Kinmouth Lane","ELEVTYP_F":0,"ELEVTYP_T":0},"geometry":{"type":"LineString","coordinates":[[-74.0493827051617,40.0935494827167],[-74.0490992172091,40.0917927807969]]}},{"type":"Feature","id":66124,"properties":{"OBJECTID":66124,"PRIMENAME":"1st Avenue","ELEVTYP_F":0,"ELEVTYP_T":0},"geometry":{"type":"LineString","coordinates":[[-74.0346224626873,40.1083778570813],[-74.0347776546329,40.1075319029734],[-74.0349842152424,40.1063745706188],[-74.0350509023267,40.1060014191935]]}},{"type":"Feature","id":66347,"properties":{"OBJECTID":66347,"PRIMENAME":"Bay Avenue","ELEVTYP_F":0,"ELEVTYP_T":0},"geometry":{"type":"LineString","coordinates":[[-74.0536443870745,40.0828340300821],[-74.0535992066162,40.0829223652368],[-74.0534861940602,40.0831249727877],[-74.0533617883043,40.0833646808486],[-74.0532449276514,40.083587287595],[-74.0531393854708,40.0837842132016],[-74.0530205548197,40.0840071417573]]}},{"type":"Feature","id":66393,"properties":{"OBJECTID":66393,"PRIMENAME":"Griffiths Avenue","ELEVTYP_F":0,"ELEVTYP_T":0},"geometry":{"type":"LineString","coordinates":[[-74.0485020637907,40.0994413307907],[-74.0485149382661,40.0994026450063],[-74.0485089671049,40.0993542222629],[-74.0485050479374,40.0993257514924],[-74.0482503460067,40.0974752032479]]}},{"type":"Feature","id":66842,"properties":{"OBJECTID":66842,"PRIMENAME":"Baltimore Avenue","ELEVTYP_F":0,"ELEVTYP_T":0},"geometry":{"type":"LineString","coordinates":[[-74.0412664160659,40.0860328331692],[-74.0413443900737,40.0866155327834],[-74.0413796799099,40.0868800182952]]}},{"type":"Feature","id":68163,"properties":{"OBJECTID":68163,"PRIMENAME":"Channel Drive","ELEVTYP_F":0,"ELEVTYP_T":0},"geometry":{"type":"LineString","coordinates":[[-74.0444581364235,40.1014656177168],[-74.0424459336777,40.1014850575238]]}},{"type":"Feature","id":68455,"properties":{"OBJECTID":68455,"PRIMENAME":"Niblick Street","ELEVTYP_F":0,"ELEVTYP_T":0},"geometry":{"type":"LineString","coordinates":[[-74.0371336972639,40.0954313293251],[-74.0380708605174,40.0954219473641]]}},{"type":"Feature","id":68656,"properties":{"OBJECTID":68656,"PRIMENAME":"Timber Lane","ELEVTYP_F":0,"ELEVTYP_T":0},"geometry":{"type":"LineString","coordinates":[[-74.0356835616688,40.1053711954488],[-74.0357511664586,40.1050019219895],[-74.0357636893072,40.10493353065],[-74.0358044631461,40.1047140656264]]}},{"type":"Feature","id":68657,"properties":{"OBJECTID":68657,"PRIMENAME":"Gull Lane","ELEVTYP_F":0,"ELEVTYP_T":0},"geometry":{"type":"LineString","coordinates":[[-74.0560513576393,40.1054964880536],[-74.0561241826419,40.1055406370216],[-74.0584372096721,40.1069427484115]]}},{"type":"Feature","id":68744,"properties":{"OBJECTID":68744,"PRIMENAME":"Ocean Avenue","ELEVTYP_F":0,"ELEVTYP_T":0},"geometry":{"type":"LineString","coordinates":[[-74.0423483891643,40.0784214418853],[-74.0423110863704,40.0784897075454],[-74.0422732233342,40.0785542529186],[-74.0420928096032,40.0788617966652]]}},{"type":"Feature","id":69319,"properties":{"OBJECTID":69319,"PRIMENAME":"Carter Avenue","ELEVTYP_F":0,"ELEVTYP_T":0},"geometry":{"type":"LineString","coordinates":[[-74.0452641581735,40.0814686685793],[-74.0446583999732,40.0813039302777]]}},{"type":"Feature","id":70002,"properties":{"OBJECTID":70002,"PRIMENAME":"Chicago Avenue","ELEVTYP_F":0,"ELEVTYP_T":0},"geometry":{"type":"LineString","coordinates":[[-74.04443259025,40.1005790298252],[-74.0444390546611,40.1009765484535],[-74.0444581364235,40.1014656177168]]}},{"type":"Feature","id":70607,"properties":{"OBJECTID":70607,"PRIMENAME":"Curtis Avenue","ELEVTYP_F":0,"ELEVTYP_T":0},"geometry":{"type":"LineString","coordinates":[[-74.0529605236193,40.0937634514156],[-74.0527203412533,40.0950148806016],[-74.052569973815,40.0958035758907],[-74.0525584473329,40.0958550058269],[-74.052543221986,40.0959092766617],[-74.0525279600759,40.0959635752741],[-74.0521517911618,40.0971145746089],[-74.0520494898036,40.0974350787479]]}},{"type":"Feature","id":71045,"properties":{"OBJECTID":71045,"PRIMENAME":"Arnold Avenue","ELEVTYP_F":0,"ELEVTYP_T":0},"geometry":{"type":"LineString","coordinates":[[-74.0602892432591,40.0883588040795],[-74.0594419135659,40.089329814166],[-74.0594141110128,40.0893511764075],[-74.0593907269673,40.0893634692719],[-74.0593612508569,40.089372663096]]}},{"type":"Feature","id":72294,"properties":{"OBJECTID":72294,"PRIMENAME":"3rd Avenue","ELEVTYP_F":0,"ELEVTYP_T":0},"geometry":{"type":"LineString","coordinates":[[-74.0368620946538,40.1061344684097],[-74.0367635012564,40.1066915084383],[-74.0367500309828,40.1067692839526]]}},{"type":"Feature","id":72575,"properties":{"OBJECTID":72575,"PRIMENAME":"Saint Louis Avenue","ELEVTYP_F":0,"ELEVTYP_T":0},"geometry":{"type":"LineString","coordinates":[[-74.0454762772245,40.0874170608953],[-74.0455871344846,40.088263464062]]}},{"type":"Feature","id":73728,"properties":{"OBJECTID":73728,"PRIMENAME":"Ashley Avenue","ELEVTYP_F":0,"ELEVTYP_T":0},"geometry":{"type":"LineString","coordinates":[[-74.0563688761679,40.105203984519],[-74.0560513576393,40.1054964880536]]}},{"type":"Feature","id":74338,"properties":{"OBJECTID":74338,"PRIMENAME":"Madison Street","ELEVTYP_F":0,"ELEVTYP_T":0},"geometry":{"type":"LineString","coordinates":[[-74.0515410501754,40.0796083403232],[-74.050667760569,40.0811284971548]]}},{"type":"Feature","id":74418,"properties":{"OBJECTID":74418,"PRIMENAME":"Gowdy Avenue","ELEVTYP_F":0,"ELEVTYP_T":0},"geometry":{"type":"LineString","coordinates":[[-74.0535036930948,40.0884940528929],[-74.0533862398017,40.0876465608235]]}},{"type":"Feature","id":75885,"properties":{"OBJECTID":75885,"PRIMENAME":"Chicago Avenue","ELEVTYP_F":0,"ELEVTYP_T":0},"geometry":{"type":"LineString","coordinates":[[-74.0431488972822,40.085033455868],[-74.0431485893201,40.0850312857873],[-74.0430602039518,40.0843360154768],[-74.0430552788756,40.0843092049644]]}},{"type":"Feature","id":75903,"properties":{"OBJECTID":75903,"PRIMENAME":"Ocean Road","ELEVTYP_F":0,"ELEVTYP_T":0},"geometry":{"type":"LineString","coordinates":[[-74.0532582253082,40.0817933845496],[-74.0527888129828,40.0816856041363],[-74.0524181208053,40.0815985454328]]}},{"type":"Feature","id":77030,"properties":{"OBJECTID":77030,"PRIMENAME":"Chicago Avenue","ELEVTYP_F":0,"ELEVTYP_T":0},"geometry":{"type":"LineString","coordinates":[[-74.0434838028874,40.0875734776655],[-74.0435998247275,40.0884188321028]]}},{"type":"Feature","id":77422,"properties":{"OBJECTID":77422,"PRIMENAME":"Burnt Tavern Road","ELEVTYP_F":0,"ELEVTYP_T":0},"geometry":{"type":"LineString","coordinates":[[-74.0553564415218,40.0769582612154],[-74.0552677679406,40.0769352873058]]}},{"type":"Feature","id":77430,"properties":{"OBJECTID":77430,"PRIMENAME":"Ocean Avenue","ELEVTYP_F":0,"ELEVTYP_T":0},"geometry":{"type":"LineString","coordinates":[[-74.0377305929292,40.0926845590077],[-74.0377000425314,40.0928676591734],[-74.0376182731655,40.0934833258817],[-74.0375748152919,40.0936720569201]]}},{"type":"Feature","id":77661,"properties":{"OBJECTID":77661,"PRIMENAME":"Boston Avenue","ELEVTYP_F":0,"ELEVTYP_T":0},"geometry":{"type":"LineString","coordinates":[[-74.0404465272843,40.1006169819141],[-74.0404507617236,40.1008590806199],[-74.0404512103744,40.1015097746336]]}},{"type":"Feature","id":78098,"properties":{"OBJECTID":78098,"PRIMENAME":"Harvard Avenue","ELEVTYP_F":0,"ELEVTYP_T":0},"geometry":{"type":"LineString","coordinates":[[-74.0388480159746,40.0989826621318],[-74.0387437951072,40.0989793919678],[-74.0386656559551,40.0989676330126],[-74.0385801594762,40.0989444239513],[-74.0383572594851,40.0988663097634]]}},{"type":"Feature","id":78374,"properties":{"OBJECTID":78374,"PRIMENAME":"Arnold Avenue","ELEVTYP_F":0,"ELEVTYP_T":0},"geometry":{"type":"LineString","coordinates":[[-74.0563331904296,40.0912335135839],[-74.0562403295764,40.0912398887436]]}},{"type":"Feature","id":79080,"properties":{"OBJECTID":79080,"PRIMENAME":"Old Farm Road","ELEVTYP_F":0,"ELEVTYP_T":0},"geometry":{"type":"LineString","coordinates":[[-74.0578554476164,40.0799030809425],[-74.0571438446667,40.0797118972446]]}},{"type":"Feature","id":79279,"properties":{"OBJECTID":79279,"PRIMENAME":"Saint Louis Avenue","ELEVTYP_F":0,"ELEVTYP_T":0},"geometry":{"type":"LineString","coordinates":[[-74.0450249016367,40.084026774403],[-74.0451393714507,40.0848765423362]]}},{"type":"Feature","id":79411,"properties":{"OBJECTID":79411,"PRIMENAME":"Boston Avenue","ELEVTYP_F":0,"ELEVTYP_T":0},"geometry":{"type":"LineString","coordinates":[[-74.0394989037858,40.0878855501194],[-74.0394684939153,40.0876404375506],[-74.0393946991964,40.0870392496119]]}},{"type":"Feature","id":79640,"properties":{"OBJECTID":79640,"PRIMENAME":"Ocean Avenue","ELEVTYP_F":0,"ELEVTYP_T":0},"geometry":{"type":"LineString","coordinates":[[-74.0369249025521,40.096253812943],[-74.0368962096392,40.0963668303061],[-74.0368294765208,40.0966296685513]]}},{"type":"Feature","id":80023,"properties":{"OBJECTID":80023,"PRIMENAME":"Arnold Avenue","ELEVTYP_F":0,"ELEVTYP_T":0},"geometry":{"type":"LineString","coordinates":[[-74.0460678724674,40.0920304894745],[-74.0458184572111,40.0920502394052],[-74.0440980780115,40.0921858524598]]}},{"type":"Feature","id":80359,"properties":{"OBJECTID":80359,"PRIMENAME":"Elizabeth Avenue","ELEVTYP_F":0,"ELEVTYP_T":0},"geometry":{"type":"LineString","coordinates":[[-74.0403823175979,40.08090615767],[-74.0408890828894,40.0810483716995]]}},{"type":"Feature","id":80587,"properties":{"OBJECTID":80587,"PRIMENAME":"Ocean Avenue","ELEVTYP_F":0,"ELEVTYP_T":0},"geometry":{"type":"LineString","coordinates":[[-74.0408890828894,40.0810483716995],[-74.0408222163637,40.0812822542958],[-74.0404910105973,40.0824533010959],[-74.0404215661665,40.0827034252649]]}},{"type":"Feature","id":81564,"properties":{"OBJECTID":81564,"PRIMENAME":"Woodland Road","ELEVTYP_F":0,"ELEVTYP_T":0},"geometry":{"type":"LineString","coordinates":[[-74.0538598006165,40.0919594875525],[-74.0538216181418,40.0918182589336],[-74.0537744909035,40.091623600169],[-74.0537452576395,40.0915405789316],[-74.053706112419,40.0914829018751],[-74.0536767509097,40.0914396438385]]}},{"type":"Feature","id":81882,"properties":{"OBJECTID":81882,"PRIMENAME":"Sanborn Avenue","ELEVTYP_F":0,"ELEVTYP_T":0},"geometry":{"type":"LineString","coordinates":[[-74.0424149016375,40.0997026541289],[-74.0438220739071,40.099688684848],[-74.0444206231031,40.0996825578938]]}},{"type":"Feature","id":81998,"properties":{"OBJECTID":81998,"PRIMENAME":"Elizabeth Avenue","ELEVTYP_F":0,"ELEVTYP_T":0},"geometry":{"type":"LineString","coordinates":[[-74.0420053790025,40.0813551042871],[-74.0424217647887,40.0814691435706],[-74.0447667591243,40.0821093104368]]}},{"type":"Feature","id":82733,"properties":{"OBJECTID":82733,"PRIMENAME":"Ocean Avenue","ELEVTYP_F":0,"ELEVTYP_T":0},"geometry":{"type":"LineString","coordinates":[[-74.0366381153148,40.0973798894775],[-74.0366122168563,40.0974931674165],[-74.036562893786,40.0977711517488],[-74.0364761551441,40.0982585399048]]}},{"type":"Feature","id":83655,"properties":{"OBJECTID":83655,"PRIMENAME":"Old Farm Road","ELEVTYP_F":0,"ELEVTYP_T":0},"geometry":{"type":"LineString","coordinates":[[-74.0580561938326,40.0799524672739],[-74.0578554476164,40.0799030809425]]}},{"type":"Feature","id":84817,"properties":{"OBJECTID":84817,"PRIMENAME":"Arnold Avenue","ELEVTYP_F":0,"ELEVTYP_T":0},"geometry":{"type":"LineString","coordinates":[[-74.0497174611654,40.0917437103254],[-74.0494916868462,40.0917614731649],[-74.0490992172091,40.0917927807969]]}},{"type":"Feature","id":85015,"properties":{"OBJECTID":85015,"PRIMENAME":"Dartmouth Avenue","ELEVTYP_F":0,"ELEVTYP_T":0},"geometry":{"type":"LineString","coordinates":[[-74.0454847764652,40.0982242857148],[-74.0455104231488,40.0996672923654]]}},{"type":"Feature","id":85382,"properties":{"OBJECTID":85382,"PRIMENAME":"Chicago Avenue","ELEVTYP_F":0,"ELEVTYP_T":0},"geometry":{"type":"LineString","coordinates":[[-74.0443852693317,40.097554475088],[-74.0443982188352,40.0982392062229]]}},{"type":"Feature","id":85565,"properties":{"OBJECTID":85565,"PRIMENAME":"Atlantic Avenue","ELEVTYP_F":0,"ELEVTYP_T":0},"geometry":{"type":"LineString","coordinates":[[-74.0492182809012,40.0879732781117],[-74.0516880110803,40.0877811104453],[-74.0519477719577,40.0877618823293]]}},{"type":"Feature","id":85622,"properties":{"OBJECTID":85622,"PRIMENAME":"River Avenue","ELEVTYP_F":0,"ELEVTYP_T":0},"geometry":{"type":"LineString","coordinates":[[-74.0511975623896,40.0926334447901],[-74.0511953070796,40.0919319815116],[-74.0511931531156,40.0916285888902]]}},{"type":"Feature","id":85767,"properties":{"OBJECTID":85767,"PRIMENAME":"Ocean Avenue","ELEVTYP_F":0,"ELEVTYP_T":0},"geometry":{"type":"LineString","coordinates":[[-74.0371336972639,40.0954313293251],[-74.0370613940376,40.0957161520536]]}},{"type":"Feature","id":85946,"properties":{"OBJECTID":85946,"PRIMENAME":"Delaware Avenue","ELEVTYP_F":0,"ELEVTYP_T":0},"geometry":{"type":"LineString","coordinates":[[-74.0515410501754,40.0796083403232],[-74.0507180876102,40.0793277371867]]}},{"type":"Feature","id":86049,"properties":{"OBJECTID":86049,"PRIMENAME":"Perch Avenue","ELEVTYP_F":0,"ELEVTYP_T":0},"geometry":{"type":"LineString","coordinates":[[-74.0356835616688,40.1053711954488],[-74.0357854548471,40.1053816510486],[-74.0368523386299,40.1054907658133],[-74.0369772405527,40.1055035361668]]}},{"type":"Feature","id":86337,"properties":{"OBJECTID":86337,"PRIMENAME":"Baltimore Avenue","ELEVTYP_F":0,"ELEVTYP_T":0},"geometry":{"type":"LineString","coordinates":[[-74.0421097157158,40.0923421524321],[-74.0422378465103,40.0933154048256]]}},{"type":"Feature","id":86990,"properties":{"OBJECTID":86990,"PRIMENAME":"Saint Louis Avenue","ELEVTYP_F":0,"ELEVTYP_T":0},"geometry":{"type":"LineString","coordinates":[[-74.0465743446183,40.101197194252],[-74.0465693425406,40.1019507067771]]}},{"type":"Feature","id":87489,"properties":{"OBJECTID":87489,"PRIMENAME":"Yale Avenue","ELEVTYP_F":0,"ELEVTYP_T":0},"geometry":{"type":"LineString","coordinates":[[-74.0473389421434,40.0961502452405],[-74.0473568630624,40.0972490429569],[-74.0473562561609,40.0973406389703],[-74.0473560290719,40.097374912044],[-74.0473490648225,40.0974765159991]]}},{"type":"Feature","id":88172,"properties":{"OBJECTID":88172,"PRIMENAME":"Bay Avenue","ELEVTYP_F":0,"ELEVTYP_T":0},"geometry":{"type":"LineString","coordinates":[[-74.0517766361212,40.0894729224476],[-74.0517344772607,40.0898570212846],[-74.051734027039,40.0899256522248],[-74.0517371980647,40.0900143105397],[-74.0517434697771,40.090191626893],[-74.051752096368,40.0904404411217]]}},{"type":"Feature","id":89063,"properties":{"OBJECTID":89063,"PRIMENAME":"Woodland Road","ELEVTYP_F":0,"ELEVTYP_T":0},"geometry":{"type":"LineString","coordinates":[[-74.0542835568036,40.0952087678052],[-74.0537446623263,40.0950522686283],[-74.0537395603766,40.0950476527485],[-74.0537224520915,40.0950321697144],[-74.0537152058082,40.0949978254834],[-74.0537154113143,40.0949663651517],[-74.0537193882762,40.0949320641611],[-74.053727159571,40.0948806466527],[-74.0538185278618,40.094502914808]]}},{"type":"Feature","id":89403,"properties":{"OBJECTID":89403,"PRIMENAME":"Baltimore Avenue","ELEVTYP_F":0,"ELEVTYP_T":0},"geometry":{"type":"LineString","coordinates":[[-74.0420242726779,40.091719946174],[-74.0420801523469,40.0921233982778],[-74.0420958386063,40.0922366501018],[-74.0421097157158,40.0923421524321]]}},{"type":"Feature","id":89712,"properties":{"OBJECTID":89712,"PRIMENAME":"Barbour Avenue","ELEVTYP_F":0,"ELEVTYP_T":0},"geometry":{"type":"LineString","coordinates":[[-74.0580561938326,40.0799524672739],[-74.0577426739968,40.0806461653192],[-74.0575780404941,40.0810307702364],[-74.0575545224429,40.0810857136498]]}},{"type":"Feature","id":89879,"properties":{"OBJECTID":89879,"PRIMENAME":"Liberty Lane","ELEVTYP_F":0,"ELEVTYP_T":0},"geometry":{"type":"LineString","coordinates":[[-74.0438858551631,40.0905587221743],[-74.0437585097621,40.09056769234],[-74.043754093082,40.0905677325884],[-74.0435862838452,40.0905692646976],[-74.0431570987068,40.0905967002936],[-74.0423643048414,40.0906591565292]]}},{"type":"Feature","id":89927,"properties":{"OBJECTID":89927,"PRIMENAME":"Saint Louis Avenue","ELEVTYP_F":0,"ELEVTYP_T":0},"geometry":{"type":"LineString","coordinates":[[-74.046546263284,40.0996650382854],[-74.0465709776959,40.1005571672836]]}},{"type":"Feature","id":90010,"properties":{"OBJECTID":90010,"PRIMENAME":"Parkway","ELEVTYP_F":0,"ELEVTYP_T":0},"geometry":{"type":"LineString","coordinates":[[-74.0370426987978,40.0944483639132],[-74.03702565177,40.0944424214769],[-74.0370103778459,40.094433383247],[-74.0369831355506,40.0944129583842],[-74.0369601864759,40.0944022700265],[-74.0369280186483,40.09439654094],[-74.03689778154,40.0943959534986],[-74.0368701130254,40.0944013884272],[-74.0368476833766,40.0944144209038],[-74.0368344224848,40.0944300434952],[-74.0368251801679,40.0944645975517],[-74.0368250057828,40.0944903205705],[-74.036834577985,40.0945072702075],[-74.0368471684206,40.0945218703018],[-74.0368768086822,40.0945420021519],[-74.0369000433107,40.0945474208276],[-74.0369214514635,40.0945478910097],[-74.0369550005052,40.09454519786],[-74.0369763495672,40.0945386397091],[-74.0369960806741,40.09452820392],[-74.0370185765664,40.0945053973882],[-74.0370266565196,40.0944893694736],[-74.0370426987978,40.0944483639132]]}},{"type":"Feature","id":90095,"properties":{"OBJECTID":90095,"PRIMENAME":"Borden Avenue","ELEVTYP_F":0,"ELEVTYP_T":0},"geometry":{"type":"LineString","coordinates":[[-74.0563991261121,40.0867385394716],[-74.0562585059055,40.0870814122031],[-74.0562130121524,40.0872070564735],[-74.0561976995429,40.0872699201434],[-74.0561898565055,40.0873328124287],[-74.0561558293722,40.0877289954693]]}},{"type":"Feature","id":90483,"properties":{"OBJECTID":90483,"PRIMENAME":"Boston Avenue","ELEVTYP_F":0,"ELEVTYP_T":0},"geometry":{"type":"LineString","coordinates":[[-74.0403206230187,40.0944270752282],[-74.0403212865346,40.0944773165716],[-74.0403218156825,40.0945208598474]]}},{"type":"Feature","id":90887,"properties":{"OBJECTID":90887,"PRIMENAME":"Wessie Street","ELEVTYP_F":0,"ELEVTYP_T":0},"geometry":{"type":"LineString","coordinates":[[-74.0497263185877,40.0843347203681],[-74.0499852721635,40.0861894454497]]}},{"type":"Feature","id":90888,"properties":{"OBJECTID":90888,"PRIMENAME":"Jackson Street","ELEVTYP_F":0,"ELEVTYP_T":0},"geometry":{"type":"LineString","coordinates":[[-74.0563821099865,40.0747504699275],[-74.0564449038073,40.0752563976859],[-74.0565106548505,40.0758739353348]]}},{"type":"Feature","id":91079,"properties":{"OBJECTID":91079,"PRIMENAME":"Arbutus Drive","ELEVTYP_F":0,"ELEVTYP_T":0},"geometry":{"type":"LineString","coordinates":[[-74.0473490648225,40.0974765159991],[-74.0482503460067,40.0974752032479]]}},{"type":"Feature","id":91363,"properties":{"OBJECTID":91363,"PRIMENAME":"Broadway","ELEVTYP_F":0,"ELEVTYP_T":0},"geometry":{"type":"LineString","coordinates":[[-74.0356714688325,40.1003818558446],[-74.0347425802397,40.1002895924976]]}},{"type":"Feature","id":91885,"properties":{"OBJECTID":91885,"PRIMENAME":"Clayton Avenue","ELEVTYP_F":0,"ELEVTYP_T":0},"geometry":{"type":"LineString","coordinates":[[-74.0602543775933,40.0870392184525],[-74.0602134180677,40.0870390629556],[-74.0601501571077,40.087033085358],[-74.0591631096797,40.086787443414]]}},{"type":"Feature","id":92593,"properties":{"OBJECTID":92593,"PRIMENAME":"Beacon Lane","ELEVTYP_F":0,"ELEVTYP_T":0},"geometry":{"type":"LineString","coordinates":[[-74.0420336390491,40.0769462093287],[-74.0420272965155,40.0769741318633],[-74.0420001912062,40.077131303743],[-74.0419999676401,40.077132647594]]}},{"type":"Feature","id":92857,"properties":{"OBJECTID":92857,"PRIMENAME":"Borden Avenue","ELEVTYP_F":0,"ELEVTYP_T":0},"geometry":{"type":"LineString","coordinates":[[-74.0566076724,40.0861559587876],[-74.0563991261121,40.0867385394716]]}},{"type":"Feature","id":93012,"properties":{"OBJECTID":93012,"PRIMENAME":"Atlantic Avenue","ELEVTYP_F":0,"ELEVTYP_T":0},"geometry":{"type":"LineString","coordinates":[[-74.0435998247275,40.0884188321028],[-74.0448262676289,40.088323454059],[-74.0455871344846,40.088263464062]]}},{"type":"Feature","id":93075,"properties":{"OBJECTID":93075,"PRIMENAME":"Ocean Road","ELEVTYP_F":0,"ELEVTYP_T":0},"geometry":{"type":"LineString","coordinates":[[-74.0587469827927,40.0830864636337],[-74.0586195424033,40.0830572145125]]}},{"type":"Feature","id":93547,"properties":{"OBJECTID":93547,"PRIMENAME":"FR RT 88 EB to RT 35 NB","ELEVTYP_F":0,"ELEVTYP_T":0},"geometry":{"type":"LineString","coordinates":[[-74.0482264401567,40.0807461611852],[-74.0481232743186,40.0807495471192],[-74.0480514949581,40.0807552020359],[-74.047980508241,40.0807651394382],[-74.0479107464955,40.0807792988045],[-74.0478426345903,40.0807975939004],[-74.0477765873467,40.0808199133037],[-74.047713007013,40.0808461210831],[-74.0476522808144,40.0808760576254],[-74.0475947785949,40.0809095406085],[-74.0475415333855,40.0809451316721],[-74.0474920304603,40.0809837789425],[-74.0474465662803,40.0810252509757],[-74.0474054131215,40.0810692994107],[-74.047368817444,40.0811156604571],[-74.0473369984161,40.0811640564743],[-74.0473101466019,40.0812141976345],[-74.0472884228194,40.0812657836583],[-74.0472665159792,40.0813513124798],[-74.0472434664679,40.0814507392862],[-74.0472229370315,40.0815504914347],[-74.0472049354369,40.0816505312395],[-74.0471894684963,40.0817508209059],[-74.0471765420641,40.0818513225446],[-74.0471661610351,40.0819519981863],[-74.0471583293426,40.0820528097954],[-74.0471530499566,40.0821537192851]]}},{"type":"Feature","id":93634,"properties":{"OBJECTID":93634,"PRIMENAME":"Cedar Drive","ELEVTYP_F":0,"ELEVTYP_T":0},"geometry":{"type":"LineString","coordinates":[[-74.0549737473869,40.0785511783173],[-74.0541946227821,40.0784530919486],[-74.0540753556894,40.0784380759085]]}},{"type":"Feature","id":93693,"properties":{"OBJECTID":93693,"PRIMENAME":"Arbutus Drive","ELEVTYP_F":0,"ELEVTYP_T":0},"geometry":{"type":"LineString","coordinates":[[-74.0482503460067,40.0974752032479],[-74.0485781369507,40.0974667897602]]}},{"type":"Feature","id":94379,"properties":{"OBJECTID":94379,"PRIMENAME":"Cooks Road","ELEVTYP_F":0,"ELEVTYP_T":0},"geometry":{"type":"LineString","coordinates":[[-74.0473423882408,40.0919287667338],[-74.0474775463559,40.0928938329866],[-74.0474787131902,40.0929012772511]]}},{"type":"Feature","id":94492,"properties":{"OBJECTID":94492,"PRIMENAME":"Harvard Avenue","ELEVTYP_F":0,"ELEVTYP_T":0},"geometry":{"type":"LineString","coordinates":[[-74.0377701649401,40.0986809392582],[-74.0373762743556,40.098556404584],[-74.0373620715261,40.0985527234822]]}},{"type":"Feature","id":94771,"properties":{"OBJECTID":94771,"PRIMENAME":"New York Avenue","ELEVTYP_F":0,"ELEVTYP_T":0},"geometry":{"type":"LineString","coordinates":[[-74.0463221236832,40.0864964687725],[-74.045365558187,40.0865717830101]]}},{"type":"Feature","id":94856,"properties":{"OBJECTID":94856,"PRIMENAME":"Stonehedge Lane","ELEVTYP_F":0,"ELEVTYP_T":0},"geometry":{"type":"LineString","coordinates":[[-74.0557277513758,40.093563953237],[-74.0567068208634,40.0938035177132]]}},{"type":"Feature","id":95358,"properties":{"OBJECTID":95358,"PRIMENAME":"Arnold Avenue","ELEVTYP_F":0,"ELEVTYP_T":0},"geometry":{"type":"LineString","coordinates":[[-74.0377305929292,40.0926845590077],[-74.0370844374555,40.0927302961003]]}},{"type":"Feature","id":95443,"properties":{"OBJECTID":95443,"PRIMENAME":"Ocean Avenue","ELEVTYP_F":0,"ELEVTYP_T":0},"geometry":{"type":"LineString","coordinates":[[-74.0367656709812,40.0968809797142],[-74.0367186013007,40.0970663678198],[-74.0367139715705,40.0970840991992]]}},{"type":"Feature","id":95719,"properties":{"OBJECTID":95719,"PRIMENAME":"Briarcliff Avenue","ELEVTYP_F":0,"ELEVTYP_T":0},"geometry":{"type":"LineString","coordinates":[[-74.0537869819236,40.0853644431034],[-74.0547904856397,40.0855906743042]]}},{"type":"Feature","id":95886,"properties":{"OBJECTID":95886,"PRIMENAME":"Ocean Avenue","ELEVTYP_F":0,"ELEVTYP_T":0},"geometry":{"type":"LineString","coordinates":[[-74.0382316092295,40.0905408227208],[-74.038100633882,40.0910179846707],[-74.0380774867166,40.0911191408333],[-74.0379317915915,40.0917558273363],[-74.0377407468278,40.092599577935],[-74.0377305929292,40.0926845590077]]}},{"type":"Feature","id":96666,"properties":{"OBJECTID":96666,"PRIMENAME":"Trenton Avenue","ELEVTYP_F":0,"ELEVTYP_T":0},"geometry":{"type":"LineString","coordinates":[[-74.0423643048414,40.0906591565292],[-74.042234976725,40.0908519977641],[-74.0420599947328,40.0911261123589],[-74.042022915464,40.0912024497405]]}},{"type":"Feature","id":97092,"properties":{"OBJECTID":97092,"PRIMENAME":"Washington Avenue","ELEVTYP_F":0,"ELEVTYP_T":0},"geometry":{"type":"LineString","coordinates":[[-74.0431488972822,40.085033455868],[-74.0441655430051,40.0849552114707],[-74.0451393714507,40.0848765423362]]}},{"type":"Feature","id":97933,"properties":{"OBJECTID":97933,"PRIMENAME":"East Street","ELEVTYP_F":0,"ELEVTYP_T":0},"geometry":{"type":"LineString","coordinates":[[-74.0457579375071,40.0799622185323],[-74.0457511767139,40.0799683968945],[-74.0456914485385,40.0799967686743],[-74.0456391545455,40.0800194321687],[-74.0455979873908,40.0800564422865],[-74.04556419948,40.080096363554],[-74.0453240686044,40.0805470754752],[-74.0452890070607,40.0806128856732],[-74.0452850049672,40.0806557519419],[-74.0453033579245,40.0806958777834],[-74.0453291655819,40.0807274132521],[-74.0453662722814,40.0807475992971],[-74.0454145827127,40.0807649479801],[-74.0455668423492,40.0808170199542]]}},{"type":"Feature","id":98601,"properties":{"OBJECTID":98601,"PRIMENAME":"Harvard Avenue","ELEVTYP_F":0,"ELEVTYP_T":0},"geometry":{"type":"LineString","coordinates":[[-74.0404171814668,40.0989639163343],[-74.0390987376467,40.0989796690936],[-74.0388480159746,40.0989826621318]]}},{"type":"Feature","id":99280,"properties":{"OBJECTID":99280,"PRIMENAME":"Chicago Avenue","ELEVTYP_F":0,"ELEVTYP_T":0},"geometry":{"type":"LineString","coordinates":[[-74.0444206231031,40.0996825578938],[-74.04443259025,40.1005790298252]]}},{"type":"Feature","id":99297,"properties":{"OBJECTID":99297,"PRIMENAME":"Lincoln Avenue","ELEVTYP_F":0,"ELEVTYP_T":0},"geometry":{"type":"LineString","coordinates":[[-74.0553529979266,40.0952731368885],[-74.0550627951766,40.0950662345367],[-74.0550433518202,40.0950328865359],[-74.0550357280333,40.0949904968681],[-74.0550517680458,40.0949481990018],[-74.0551034031062,40.0948248577019]]}},{"type":"Feature","id":100291,"properties":{"OBJECTID":100291,"PRIMENAME":"Richmond Avenue","ELEVTYP_F":0,"ELEVTYP_T":0},"geometry":{"type":"LineString","coordinates":[[-74.0504291489299,40.0974624860608],[-74.0504926396739,40.0971416688359]]}},{"type":"Feature","id":100351,"properties":{"OBJECTID":100351,"PRIMENAME":"Beacon Avenue","ELEVTYP_F":0,"ELEVTYP_T":0},"geometry":{"type":"LineString","coordinates":[[-74.0421116569243,40.0766026943102],[-74.0420336390491,40.0769462093287]]}},{"type":"Feature","id":101712,"properties":{"OBJECTID":101712,"PRIMENAME":"Ridgefield Drive","ELEVTYP_F":0,"ELEVTYP_T":0},"geometry":{"type":"LineString","coordinates":[[-74.0549376491947,40.0851904444152],[-74.0547904856397,40.0855906743042]]}},{"type":"Feature","id":101730,"properties":{"OBJECTID":101730,"PRIMENAME":"1st Avenue","ELEVTYP_F":0,"ELEVTYP_T":0},"geometry":{"type":"LineString","coordinates":[[-74.0514231269072,40.0822442375701],[-74.0513232520113,40.0822177171861],[-74.0512414115049,40.0822116897841],[-74.0511408597648,40.0822141554106],[-74.0508691381085,40.0822073918487],[-74.0507947504575,40.0821985108102],[-74.0507055162385,40.0821810065562],[-74.0504677536113,40.0821028857908]]}},{"type":"Feature","id":101740,"properties":{"OBJECTID":101740,"PRIMENAME":"Zilai Lane","ELEVTYP_F":0,"ELEVTYP_T":0},"geometry":{"type":"LineString","coordinates":[[-74.0370613940376,40.0957161520536],[-74.0358594216531,40.0956861334842]]}},{"type":"Feature","id":103583,"properties":{"OBJECTID":103583,"PRIMENAME":"Sherman Avenue","ELEVTYP_F":0,"ELEVTYP_T":0},"geometry":{"type":"LineString","coordinates":[[-74.059810383454,40.0804081426036],[-74.0593458180148,40.0814386983755],[-74.0593168125892,40.0815140021487]]}},{"type":"Feature","id":103911,"properties":{"OBJECTID":103911,"PRIMENAME":"Riverview Lane","ELEVTYP_F":0,"ELEVTYP_T":0},"geometry":{"type":"LineString","coordinates":[[-74.0596862648155,40.1055347412422],[-74.059617399012,40.1054803426083],[-74.0586108290029,40.1046852863556],[-74.0582775207925,40.1044028412518],[-74.0582095398265,40.1043501744716],[-74.0581538208149,40.104330881732]]}},{"type":"Feature","id":104260,"properties":{"OBJECTID":104260,"PRIMENAME":"Atlantic Avenue","ELEVTYP_F":0,"ELEVTYP_T":0},"geometry":{"type":"LineString","coordinates":[[-74.0533862398017,40.0876465608235],[-74.0535394085185,40.0876338363359],[-74.0537405673847,40.0876174532824],[-74.0538932594265,40.0876065936243],[-74.0540347613956,40.0876071384773],[-74.0543019649427,40.087624775629],[-74.0546962330403,40.0876479805944],[-74.0547990513406,40.0876546725369]]}},{"type":"Feature","id":104485,"properties":{"OBJECTID":104485,"PRIMENAME":"Randall Avenue","ELEVTYP_F":0,"ELEVTYP_T":0},"geometry":{"type":"LineString","coordinates":[[-74.0379739107096,40.0958237584973],[-74.0380708605174,40.0954219473641]]}},{"type":"Feature","id":104754,"properties":{"OBJECTID":104754,"PRIMENAME":"Carter Avenue","ELEVTYP_F":0,"ELEVTYP_T":0},"geometry":{"type":"LineString","coordinates":[[-74.0411039740769,40.0803309928926],[-74.0406423347274,40.0802039786923],[-74.0405892493586,40.0801893724086]]}},{"type":"Feature","id":104874,"properties":{"OBJECTID":104874,"PRIMENAME":"McLean Avenue","ELEVTYP_F":0,"ELEVTYP_T":0},"geometry":{"type":"LineString","coordinates":[[-74.0510519752701,40.0936448022932],[-74.0514110467116,40.09366576813],[-74.0529605236193,40.0937634514156]]}},{"type":"Feature","id":105339,"properties":{"OBJECTID":105339,"PRIMENAME":"Atlantic Avenue","ELEVTYP_F":0,"ELEVTYP_T":0},"geometry":{"type":"LineString","coordinates":[[-74.0396072452008,40.0887282703956],[-74.0414996849862,40.0885819833311],[-74.0416057897775,40.0885737287002]]}},{"type":"Feature","id":107404,"properties":{"OBJECTID":107404,"PRIMENAME":"Long Point Lane","ELEVTYP_F":0,"ELEVTYP_T":0},"geometry":{"type":"LineString","coordinates":[[-74.051950380637,40.097745458758],[-74.0528181362382,40.098037665219],[-74.0531992410411,40.0981242150862]]}},{"type":"Feature","id":107560,"properties":{"OBJECTID":107560,"PRIMENAME":"Laurel Avenue","ELEVTYP_F":0,"ELEVTYP_T":0},"geometry":{"type":"LineString","coordinates":[[-74.042022915464,40.0912024497405],[-74.0422239145909,40.0912227361037],[-74.0426253047563,40.0911989825374],[-74.0432961852754,40.0911467504442],[-74.0439556992559,40.0910942778666]]}},{"type":"Feature","id":107649,"properties":{"OBJECTID":107649,"PRIMENAME":"FR CO 635 to RT 35 NB","ELEVTYP_F":0,"ELEVTYP_T":0},"geometry":{"type":"LineString","coordinates":[[-74.042921100033,40.0785905356516],[-74.0429872516772,40.0786023252823],[-74.0430539573986,40.0786121006045],[-74.0431211132971,40.0786198463924],[-74.0431886147717,40.0786255505811],[-74.0432239958586,40.0786290525768],[-74.0432591494904,40.0786337142668],[-74.0433026731824,40.0786411594935],[-74.0433456163371,40.0786503819189],[-74.0433878560733,40.0786613551533],[-74.0434292715221,40.0786740477968],[-74.0434999780325,40.0786929924093],[-74.0435694055584,40.0787145484612],[-74.0436373907648,40.0787386652404],[-74.0437037737093,40.07876528601]]}},{"type":"Feature","id":108093,"properties":{"OBJECTID":108093,"PRIMENAME":"Old Farm Road","ELEVTYP_F":0,"ELEVTYP_T":0},"geometry":{"type":"LineString","coordinates":[[-74.059582625138,40.0803518762028],[-74.0594092732801,40.0803104219303],[-74.0588848891898,40.0801758272154]]}},{"type":"Feature","id":108548,"properties":{"OBJECTID":108548,"PRIMENAME":"Richard Avenue","ELEVTYP_F":0,"ELEVTYP_T":0},"geometry":{"type":"LineString","coordinates":[[-74.046546263284,40.0996650382854],[-74.0471833185028,40.0996636593226],[-74.0473661583792,40.0996498512353],[-74.0475869506602,40.0996217233211],[-74.0476390323674,40.0996116867896]]}},{"type":"Feature","id":108936,"properties":{"OBJECTID":108936,"PRIMENAME":"Forman Avenue","ELEVTYP_F":0,"ELEVTYP_T":0},"geometry":{"type":"LineString","coordinates":[[-74.0547294654985,40.0884048623228],[-74.0535036930948,40.0884940528929]]}},{"type":"Feature","id":109028,"properties":{"OBJECTID":109028,"PRIMENAME":"Riverview Drive","ELEVTYP_F":0,"ELEVTYP_T":0},"geometry":{"type":"LineString","coordinates":[[-74.0593716938928,40.1058821170518],[-74.0592406579358,40.1060267897456],[-74.0591687552861,40.1061106602776]]}},{"type":"Feature","id":109110,"properties":{"OBJECTID":109110,"PRIMENAME":"New Jersey Avenue","ELEVTYP_F":0,"ELEVTYP_T":0},"geometry":{"type":"LineString","coordinates":[[-74.0389621147264,40.0879285476789],[-74.0380684918994,40.0879979787248]]}},{"type":"Feature","id":110150,"properties":{"OBJECTID":110150,"PRIMENAME":"Arnold Avenue","ELEVTYP_F":0,"ELEVTYP_T":0},"geometry":{"type":"LineString","coordinates":[[-74.0473423882408,40.0919287667338],[-74.0468168716203,40.0919712132855],[-74.0460678724674,40.0920304894745]]}},{"type":"Feature","id":110479,"properties":{"OBJECTID":110479,"PRIMENAME":"South Richmond Avenue","ELEVTYP_F":0,"ELEVTYP_T":0},"geometry":{"type":"LineString","coordinates":[[-74.0482662933305,40.0801544776918],[-74.0481977087056,40.0802752822512]]}},{"type":"Feature","id":110520,"properties":{"OBJECTID":110520,"PRIMENAME":"Nersita Drive","ELEVTYP_F":0,"ELEVTYP_T":0},"geometry":{"type":"LineString","coordinates":[[-74.0571438446667,40.0797118972446],[-74.0571179877196,40.0796705358432],[-74.0571033985453,40.0796275710485],[-74.0571073746666,40.0795875594495],[-74.0572611838773,40.0788274750978],[-74.0572651952105,40.0787874357008],[-74.0572392927328,40.0787587577082],[-74.0571390037249,40.0787269131441],[-74.0563362196542,40.0785179429408]]}},{"type":"Feature","id":111025,"properties":{"OBJECTID":111025,"PRIMENAME":"Atlantic Avenue","ELEVTYP_F":0,"ELEVTYP_T":0},"geometry":{"type":"LineString","coordinates":[[-74.0547990513406,40.0876546725369],[-74.054888089753,40.0876604674912]]}},{"type":"Feature","id":111363,"properties":{"OBJECTID":111363,"PRIMENAME":"Ocean Road","ELEVTYP_F":0,"ELEVTYP_T":0},"geometry":{"type":"LineString","coordinates":[[-74.0575265629602,40.082798903664],[-74.0569237653455,40.0826587198065],[-74.0567709062034,40.082623170158],[-74.0562746665986,40.0825113201585]]}},{"type":"Feature","id":111736,"properties":{"OBJECTID":111736,"PRIMENAME":"FR CO 635 SB TO CO 635 SB","ELEVTYP_F":0,"ELEVTYP_T":0},"geometry":{"type":"LineString","coordinates":[[-74.0368182515208,40.1005110567812],[-74.0365712358994,40.1004145317196],[-74.0364391625779,40.1003536065954],[-74.0363567928166,40.1002960651224],[-74.0362951297195,40.100232208891],[-74.0362377861094,40.100143003804],[-74.0361815577545,40.0999790486296]]}},{"type":"Feature","id":113237,"properties":{"OBJECTID":113237,"PRIMENAME":"Arnold Avenue","ELEVTYP_F":0,"ELEVTYP_T":0},"geometry":{"type":"LineString","coordinates":[[-74.0579425546661,40.0910736312357],[-74.0579076185281,40.0910984290418],[-74.0578403960807,40.0911296065925],[-74.0577620580943,40.0911550583056],[-74.0576986638347,40.0911691192402],[-74.057579419558,40.0911857950124],[-74.057434156702,40.0911909775128],[-74.0572642338645,40.0911968933162]]}},{"type":"Feature","id":113239,"properties":{"OBJECTID":113239,"PRIMENAME":"Ocean Front","ELEVTYP_F":0,"ELEVTYP_T":0},"geometry":{"type":"LineString","coordinates":[[-74.0405892493586,40.0801893724086],[-74.0405749861946,40.0802369039383],[-74.0405339208126,40.0803530673223],[-74.0404974895958,40.0805282930729],[-74.0403823175979,40.08090615767]]}},{"type":"Feature","id":115755,"properties":{"OBJECTID":115755,"PRIMENAME":"Elizabeth Avenue","ELEVTYP_F":0,"ELEVTYP_T":0},"geometry":{"type":"LineString","coordinates":[[-74.0485623964389,40.0830716008063],[-74.0472889540568,40.0827720038903]]}},{"type":"Feature","id":116140,"properties":{"OBJECTID":116140,"PRIMENAME":"Philadelphia Avenue","ELEVTYP_F":0,"ELEVTYP_T":0},"geometry":{"type":"LineString","coordinates":[[-74.039449644618,40.0861786203551],[-74.0412664160659,40.0860328331692]]}},{"type":"Feature","id":117838,"properties":{"OBJECTID":117838,"PRIMENAME":"Richard Avenue","ELEVTYP_F":0,"ELEVTYP_T":0},"geometry":{"type":"LineString","coordinates":[[-74.0476390323674,40.0996116867896],[-74.0478583446873,40.0995694964129],[-74.0484767648894,40.0994557548974],[-74.0485020637907,40.0994413307907]]}},{"type":"Feature","id":117851,"properties":{"OBJECTID":117851,"PRIMENAME":"Delaware Avenue","ELEVTYP_F":0,"ELEVTYP_T":0},"geometry":{"type":"LineString","coordinates":[[-74.0482188949734,40.0784809702029],[-74.0480873525212,40.0784364222437],[-74.048072427972,40.0784314291245]]}},{"type":"Feature","id":119184,"properties":{"OBJECTID":119184,"PRIMENAME":"FR RT 88 EB to RT 35 NB","ELEVTYP_F":0,"ELEVTYP_T":0},"geometry":{"type":"LineString","coordinates":[[-74.0498467622087,40.0808621984969],[-74.0496999699768,40.0808340501901],[-74.0495524607803,40.0808082081457],[-74.0494042960151,40.0807846831193],[-74.0492555373494,40.0807634849022],[-74.0491443553349,40.0807534706716],[-74.0490328513988,40.0807458585868],[-74.0489211132325,40.0807406539923],[-74.048809228907,40.0807378609904],[-74.0486972866088,40.0807374817824],[-74.0485154965868,40.0807394764704],[-74.0483337517817,40.0807431750187]]}},{"type":"Feature","id":119284,"properties":{"OBJECTID":119284,"PRIMENAME":"Philadelphia Avenue","ELEVTYP_F":0,"ELEVTYP_T":0},"geometry":{"type":"LineString","coordinates":[[-74.0452539443301,40.0857272705788],[-74.0471186163929,40.0855755053174]]}},{"type":"Feature","id":120986,"properties":{"OBJECTID":120986,"PRIMENAME":"Trenton Avenue","ELEVTYP_F":0,"ELEVTYP_T":0},"geometry":{"type":"LineString","coordinates":[[-74.0417184240328,40.0894200045516],[-74.0417697747672,40.0898057872954],[-74.0417658273128,40.0898400880134]]}},{"type":"Feature","id":121271,"properties":{"OBJECTID":121271,"PRIMENAME":"Rue Avenue","ELEVTYP_F":0,"ELEVTYP_T":0},"geometry":{"type":"LineString","coordinates":[[-74.0594958797544,40.0857266014917],[-74.0593117786375,40.0863135002019],[-74.0591631096797,40.086787443414]]}},{"type":"Feature","id":121499,"properties":{"OBJECTID":121499,"PRIMENAME":"Borden Avenue","ELEVTYP_F":0,"ELEVTYP_T":0},"geometry":{"type":"LineString","coordinates":[[-74.0566570283283,40.0860131718352],[-74.0566076724,40.0861559587876]]}},{"type":"Feature","id":121834,"properties":{"OBJECTID":121834,"PRIMENAME":"Chicago Avenue","ELEVTYP_F":0,"ELEVTYP_T":0},"geometry":{"type":"LineString","coordinates":[[-74.0443354159677,40.0944008245409],[-74.0443361284658,40.0944387130887],[-74.044336913631,40.0944817079366]]}},{"type":"Feature","id":124123,"properties":{"OBJECTID":124123,"PRIMENAME":"Ocean Avenue","ELEVTYP_F":0,"ELEVTYP_T":0},"geometry":{"type":"LineString","coordinates":[[-74.0402304098625,40.0833916584262],[-74.0400009719692,40.0842178017505]]}},{"type":"Feature","id":124518,"properties":{"OBJECTID":124518,"PRIMENAME":"South Baltimore Avenue","ELEVTYP_F":0,"ELEVTYP_T":0},"geometry":{"type":"LineString","coordinates":[[-74.0409514349444,40.0835941301945],[-74.040962143009,40.0836599501722],[-74.0410222861513,40.0841403168021]]}},{"type":"Feature","id":125169,"properties":{"OBJECTID":125169,"PRIMENAME":"Riverwood Pike","ELEVTYP_F":0,"ELEVTYP_T":0},"geometry":{"type":"LineString","coordinates":[[-74.0563276149372,40.0901614659728],[-74.0563212552211,40.0901058635485],[-74.0563035998745,40.0896706637685]]}},{"type":"Feature","id":127406,"properties":{"OBJECTID":127406,"PRIMENAME":"South Street","ELEVTYP_F":0,"ELEVTYP_T":0},"geometry":{"type":"LineString","coordinates":[[-74.0551518374608,40.0756555781312],[-74.0552463164403,40.0756554914431]]}},{"type":"Feature","id":127802,"properties":{"OBJECTID":127802,"PRIMENAME":"Gowdy Avenue","ELEVTYP_F":0,"ELEVTYP_T":0},"geometry":{"type":"LineString","coordinates":[[-74.0536849333199,40.0893222437025],[-74.0536444490084,40.0893038865377],[-74.0536148267969,40.0892751934493],[-74.053600181704,40.0892408206663],[-74.0535116112213,40.0885512683241],[-74.0535036930948,40.0884940528929]]}},{"type":"Feature","id":127984,"properties":{"OBJECTID":127984,"PRIMENAME":"Harvard Avenue","ELEVTYP_F":0,"ELEVTYP_T":0},"geometry":{"type":"LineString","coordinates":[[-74.0444104345924,40.0989214358766],[-74.0424015969627,40.0989404766651]]}},{"type":"Feature","id":128410,"properties":{"OBJECTID":128410,"PRIMENAME":"Randall Avenue","ELEVTYP_F":0,"ELEVTYP_T":0},"geometry":{"type":"LineString","coordinates":[[-74.0373620715261,40.0985527234822],[-74.0374930184479,40.0978133585891],[-74.0375930901508,40.097336184432],[-74.0377230750723,40.0968334058261],[-74.0377635198691,40.096667476391],[-74.0378722973692,40.0962448851274]]}},{"type":"Feature","id":128461,"properties":{"OBJECTID":128461,"PRIMENAME":"Trenton Avenue","ELEVTYP_F":0,"ELEVTYP_T":0},"geometry":{"type":"LineString","coordinates":[[-74.0536849333199,40.0893222437025],[-74.0535462878845,40.0893326627355],[-74.0517766361212,40.0894729224476]]}},{"type":"Feature","id":128578,"properties":{"OBJECTID":128578,"PRIMENAME":"Trenton Avenue","ELEVTYP_F":0,"ELEVTYP_T":0},"geometry":{"type":"LineString","coordinates":[[-74.0548418260188,40.0890835158592],[-74.0547571355259,40.0890778555706]]}},{"type":"Feature","id":128605,"properties":{"OBJECTID":128605,"PRIMENAME":"Broadway","ELEVTYP_F":0,"ELEVTYP_T":0},"geometry":{"type":"LineString","coordinates":[[-74.0370163407307,40.1005318620545],[-74.037384840399,40.1005695448203],[-74.0377985743283,40.1006109484347],[-74.0379623547846,40.100624861812],[-74.0381045668261,40.1006353672084],[-74.038334143459,40.1006362824686]]}},{"type":"Feature","id":129076,"properties":{"OBJECTID":129076,"PRIMENAME":"Trenton Avenue","ELEVTYP_F":0,"ELEVTYP_T":0},"geometry":{"type":"LineString","coordinates":[[-74.0547571355259,40.0890778555706],[-74.0546929403266,40.0891241502416],[-74.0546475919381,40.0891665560956],[-74.054606475032,40.0892067264727],[-74.0545829603467,40.0892335397129],[-74.0545478151342,40.0892513319318],[-74.0545098341388,40.0892601630623],[-74.0536849333199,40.0893222437025]]}},{"type":"Feature","id":129279,"properties":{"OBJECTID":129279,"PRIMENAME":"Ocean Avenue","ELEVTYP_F":0,"ELEVTYP_T":0},"geometry":{"type":"LineString","coordinates":[[-74.0396996872479,40.0852988349338],[-74.0394791998334,40.0860889659153],[-74.0394513687371,40.0861719557865],[-74.039449644618,40.0861786203551]]}},{"type":"Feature","id":129633,"properties":{"OBJECTID":129633,"PRIMENAME":"New York Avenue","ELEVTYP_F":0,"ELEVTYP_T":0},"geometry":{"type":"LineString","coordinates":[[-74.0392082722335,40.0870543486414],[-74.0382646942638,40.0871309465586]]}},{"type":"Feature","id":130179,"properties":{"OBJECTID":130179,"PRIMENAME":"Cottage Place","ELEVTYP_F":0,"ELEVTYP_T":0},"geometry":{"type":"LineString","coordinates":[[-74.0561949305084,40.0794564374087],[-74.0561761068574,40.0794273746844],[-74.0561644425341,40.0793963353447],[-74.056158753519,40.0793589500964],[-74.0561650343878,40.0793272112183],[-74.0563362196542,40.0785179429408]]}},{"type":"Feature","id":130427,"properties":{"OBJECTID":130427,"PRIMENAME":"Carter Avenue","ELEVTYP_F":0,"ELEVTYP_T":0},"geometry":{"type":"LineString","coordinates":[[-74.0466253749863,40.0818388565198],[-74.0452641581735,40.0814686685793]]}},{"type":"Feature","id":130906,"properties":{"OBJECTID":130906,"PRIMENAME":"Chicago Avenue","ELEVTYP_F":0,"ELEVTYP_T":0},"geometry":{"type":"LineString","coordinates":[[-74.0442279034653,40.0931611962943],[-74.044272968627,40.093494929084],[-74.0443117576856,40.0938210866585],[-74.0443327250495,40.0940270679108],[-74.0443343447853,40.0943416314496],[-74.0443354159677,40.0944008245409]]}},{"type":"Feature","id":131367,"properties":{"OBJECTID":131367,"PRIMENAME":"Ocean Road","ELEVTYP_F":0,"ELEVTYP_T":0},"geometry":{"type":"LineString","coordinates":[[-74.0594371792922,40.083252282592],[-74.0588914912168,40.0831211835654]]}},{"type":"Feature","id":131380,"properties":{"OBJECTID":131380,"PRIMENAME":"Trenton Avenue","ELEVTYP_F":0,"ELEVTYP_T":0},"geometry":{"type":"LineString","coordinates":[[-74.0476886807477,40.0897903304011],[-74.0476376638722,40.0897944112681],[-74.0457985875872,40.0899414599509]]}},{"type":"Feature","id":131436,"properties":{"OBJECTID":131436,"PRIMENAME":"Boardwalk","ELEVTYP_F":0,"ELEVTYP_T":0},"geometry":{"type":"LineString","coordinates":[[-74.0354574197513,40.0968791323752],[-74.0354018080552,40.0970428439047]]}},{"type":"Feature","id":131575,"properties":{"OBJECTID":131575,"PRIMENAME":"Broadway","ELEVTYP_F":0,"ELEVTYP_T":0},"geometry":{"type":"LineString","coordinates":[[-74.0491797136708,40.1002653389635],[-74.0494609286281,40.1002256931395],[-74.049569818856,40.1002150804835],[-74.0497193823811,40.1002004799721],[-74.0497647671678,40.100197554418],[-74.049771495269,40.1001971212185],[-74.0498381920115,40.1001928157527],[-74.04994044171,40.1001862399515]]}},{"type":"Feature","id":132030,"properties":{"OBJECTID":132030,"PRIMENAME":"Chicago Avenue","ELEVTYP_F":0,"ELEVTYP_T":0},"geometry":{"type":"LineString","coordinates":[[-74.0444104345924,40.0989214358766],[-74.0444206231031,40.0996825578938]]}},{"type":"Feature","id":133236,"properties":{"OBJECTID":133236,"PRIMENAME":"Gowdy Avenue","ELEVTYP_F":0,"ELEVTYP_T":0},"geometry":{"type":"LineString","coordinates":[[-74.0533862398017,40.0876465608235],[-74.0532982793925,40.0870119445849],[-74.0532947876612,40.0869718764524],[-74.0532950306276,40.0869347058363],[-74.0532990457928,40.0868946945731],[-74.0532994926358,40.0868918140823]]}},{"type":"Feature","id":133766,"properties":{"OBJECTID":133766,"PRIMENAME":"Woodland Road","ELEVTYP_F":0,"ELEVTYP_T":0},"geometry":{"type":"LineString","coordinates":[[-74.0538185278618,40.094502914808],[-74.0539818269731,40.0938278400963]]}},{"type":"Feature","id":133796,"properties":{"OBJECTID":133796,"PRIMENAME":"Unnamed Segment","ELEVTYP_F":0,"ELEVTYP_T":0},"geometry":{"type":"LineString","coordinates":[[-74.0583365343836,40.0903239241409],[-74.0584221444653,40.0903436325034],[-74.059124788163,40.0905053809176],[-74.0591424357094,40.0900048743864],[-74.058892049667,40.0899263968652],[-74.0585793956077,40.089913044718],[-74.0584877665444,40.0899091314741]]}},{"type":"Feature","id":133988,"properties":{"OBJECTID":133988,"PRIMENAME":"Boston Avenue","ELEVTYP_F":0,"ELEVTYP_T":0},"geometry":{"type":"LineString","coordinates":[[-74.0401140178784,40.0924981684596],[-74.0402422333736,40.093470682056]]}},{"type":"Feature","id":134638,"properties":{"OBJECTID":134638,"PRIMENAME":"Boardwalk","ELEVTYP_F":0,"ELEVTYP_T":0},"geometry":{"type":"LineString","coordinates":[[-74.0358594216531,40.0956861334842],[-74.0357404196186,40.0959591340211],[-74.0356555315285,40.0961860036342],[-74.0355264216507,40.0966301341331]]}},{"type":"Feature","id":136204,"properties":{"OBJECTID":136204,"PRIMENAME":"Cramer Avenue","ELEVTYP_F":0,"ELEVTYP_T":0},"geometry":{"type":"LineString","coordinates":[[-74.0536767509097,40.0914396438385],[-74.0536751932084,40.0914373599886],[-74.0536494722437,40.0913857854794],[-74.053642338449,40.0913342834893],[-74.0537076194916,40.0904623218205],[-74.0537139122077,40.0903526166409]]}},{"type":"Feature","id":137838,"properties":{"OBJECTID":137838,"PRIMENAME":"Osborne Avenue","ELEVTYP_F":0,"ELEVTYP_T":0},"geometry":{"type":"LineString","coordinates":[[-74.0467251191276,40.07709132989],[-74.0472280383119,40.0772612650763],[-74.0493491617991,40.0779779554161],[-74.049617174531,40.0780685085936],[-74.0507145995671,40.0784392836303]]}},{"type":"Feature","id":141804,"properties":{"OBJECTID":141804,"PRIMENAME":"Rue Avenue","ELEVTYP_F":0,"ELEVTYP_T":0},"geometry":{"type":"LineString","coordinates":[[-74.0591631096797,40.086787443414],[-74.0588955063244,40.0876902924893],[-74.058829240342,40.0879281137049]]}},{"type":"Feature","id":141843,"properties":{"OBJECTID":141843,"PRIMENAME":"Lincoln Avenue","ELEVTYP_F":0,"ELEVTYP_T":0},"geometry":{"type":"LineString","coordinates":[[-74.0558234908693,40.0931129274316],[-74.056042223889,40.0926003648946]]}},{"type":"Feature","id":142586,"properties":{"OBJECTID":142586,"PRIMENAME":"Arnold Avenue","ELEVTYP_F":0,"ELEVTYP_T":0},"geometry":{"type":"LineString","coordinates":[[-74.0584877665444,40.0899091314741],[-74.0584825870925,40.0899226905577],[-74.0583365343836,40.0903239241409]]}},{"type":"Feature","id":143770,"properties":{"OBJECTID":143770,"PRIMENAME":"Riverview Drive","ELEVTYP_F":0,"ELEVTYP_T":0},"geometry":{"type":"LineString","coordinates":[[-74.0587056887917,40.1066421723472],[-74.0584372096721,40.1069427484115]]}},{"type":"Feature","id":144050,"properties":{"OBJECTID":144050,"PRIMENAME":"FR RIVER AVE to RT 35 SB","ELEVTYP_F":0,"ELEVTYP_T":0},"geometry":{"type":"LineString","coordinates":[[-74.0506963556683,40.095898257312],[-74.0506766668796,40.0959267823564],[-74.0506554336186,40.0959546463343],[-74.0506326934462,40.0959817999528],[-74.0506084865892,40.0960081951757],[-74.0505828555639,40.0960337851172],[-74.0505558460358,40.0960585246935],[-74.0505275057842,40.0960823701394],[-74.0504978849431,40.0961052792713],[-74.0504783293864,40.0961192504443],[-74.05045810889,40.0961326517292],[-74.0504372515943,40.0961454644756],[-74.0504157865262,40.0961576708519]]}},{"type":"Feature","id":145482,"properties":{"OBJECTID":145482,"PRIMENAME":"Walnut Avenue","ELEVTYP_F":0,"ELEVTYP_T":0},"geometry":{"type":"LineString","coordinates":[[-74.0551034031062,40.0948248577019],[-74.0538185278618,40.094502914808]]}},{"type":"Feature","id":146113,"properties":{"OBJECTID":146113,"PRIMENAME":"Timber Lane","ELEVTYP_F":0,"ELEVTYP_T":0},"geometry":{"type":"LineString","coordinates":[[-74.0561748452357,40.0917628944215],[-74.0538598006165,40.0919594875525]]}},{"type":"Feature","id":146582,"properties":{"OBJECTID":146582,"PRIMENAME":"Forman Avenue","ELEVTYP_F":0,"ELEVTYP_T":0},"geometry":{"type":"LineString","coordinates":[[-74.0478612452438,40.0889384852954],[-74.0493288560761,40.0888260462858]]}},{"type":"Feature","id":147025,"properties":{"OBJECTID":147025,"PRIMENAME":"Hendricksons Row","ELEVTYP_F":0,"ELEVTYP_T":0},"geometry":{"type":"LineString","coordinates":[[-74.0367139715705,40.0970840991992],[-74.0354018080552,40.0970428439047]]}},{"type":"Feature","id":148444,"properties":{"OBJECTID":148444,"PRIMENAME":"Baltimore Avenue","ELEVTYP_F":0,"ELEVTYP_T":0},"geometry":{"type":"LineString","coordinates":[[-74.0424300670031,40.1005982057412],[-74.0424404318543,40.1012122340848],[-74.0424459336777,40.1014850575238]]}},{"type":"Feature","id":149514,"properties":{"OBJECTID":149514,"PRIMENAME":"Franklin Way","ELEVTYP_F":0,"ELEVTYP_T":0},"geometry":{"type":"LineString","coordinates":[[-74.0361878356033,40.0999402585549],[-74.0350665898576,40.0999346194992]]}},{"type":"Feature","id":150020,"properties":{"OBJECTID":150020,"PRIMENAME":"Randall Avenue","ELEVTYP_F":0,"ELEVTYP_T":0},"geometry":{"type":"LineString","coordinates":[[-74.0370163407307,40.1005318620545],[-74.0372607092741,40.0991250176137],[-74.0372906819516,40.0989557878819],[-74.0373620715261,40.0985527234822]]}},{"type":"Feature","id":150421,"properties":{"OBJECTID":150421,"PRIMENAME":"Catherine Street","ELEVTYP_F":0,"ELEVTYP_T":0},"geometry":{"type":"LineString","coordinates":[[-74.0602460639509,40.0817321892503],[-74.0593168125892,40.0815140021487]]}},{"type":"Feature","id":152740,"properties":{"OBJECTID":152740,"PRIMENAME":"Trenton Avenue","ELEVTYP_F":0,"ELEVTYP_T":0},"geometry":{"type":"LineString","coordinates":[[-74.0517766361212,40.0894729224476],[-74.0516045485454,40.0894865603206],[-74.0500657497063,40.089606108495],[-74.0494420316384,40.0896537040662]]}},{"type":"Feature","id":152777,"properties":{"OBJECTID":152777,"PRIMENAME":"Delaware Avenue","ELEVTYP_F":0,"ELEVTYP_T":0},"geometry":{"type":"LineString","coordinates":[[-74.0507180876102,40.0793277371867],[-74.0505125179303,40.0792576476243],[-74.0498956206583,40.0790487495726]]}},{"type":"Feature","id":152863,"properties":{"OBJECTID":152863,"PRIMENAME":"Grove Street","ELEVTYP_F":0,"ELEVTYP_T":0},"geometry":{"type":"LineString","coordinates":[[-74.0539842256734,40.0924254069214],[-74.0561126021321,40.0922597770808]]}},{"type":"Feature","id":155711,"properties":{"OBJECTID":155711,"PRIMENAME":"Trenton Avenue","ELEVTYP_F":0,"ELEVTYP_T":0},"geometry":{"type":"LineString","coordinates":[[-74.0398432423741,40.0904131277122],[-74.0397438919535,40.090421160769],[-74.0382316092295,40.0905408227208]]}},{"type":"Feature","id":156896,"properties":{"OBJECTID":156896,"PRIMENAME":"Broadway","ELEVTYP_F":0,"ELEVTYP_T":0},"geometry":{"type":"LineString","coordinates":[[-74.0368182515208,40.1005110567812],[-74.0368461489424,40.1005144351352],[-74.0370163407307,40.1005318620545]]}},{"type":"Feature","id":160004,"properties":{"OBJECTID":160004,"PRIMENAME":"Bay Avenue","ELEVTYP_F":0,"ELEVTYP_T":0},"geometry":{"type":"LineString","coordinates":[[-74.0547761761842,40.0798095872137],[-74.054769326559,40.0798955986857],[-74.0547533253531,40.0800642369798],[-74.0547414865825,40.0801642863852],[-74.0547254842136,40.0803386620769],[-74.0547046616293,40.0804147383257]]}},{"type":"Feature","id":160452,"properties":{"OBJECTID":160452,"PRIMENAME":"Chicago Avenue","ELEVTYP_F":0,"ELEVTYP_T":0},"geometry":{"type":"LineString","coordinates":[[-74.0438242805634,40.0900962792392],[-74.0438795979461,40.0905107096145],[-74.0438858551631,40.0905587221743]]}},{"type":"Feature","id":160578,"properties":{"OBJECTID":160578,"PRIMENAME":"Saint Louis Avenue","ELEVTYP_F":0,"ELEVTYP_T":0},"geometry":{"type":"LineString","coordinates":[[-74.0455871344846,40.088263464062],[-74.0456455741874,40.0887095319662],[-74.0456951101734,40.0891080164909]]}},{"type":"Feature","id":160579,"properties":{"OBJECTID":160579,"PRIMENAME":"Channel Drive","ELEVTYP_F":0,"ELEVTYP_T":0},"geometry":{"type":"LineString","coordinates":[[-74.0424459336777,40.1014850575238],[-74.0420411465456,40.1014889754254],[-74.0405700685586,40.1015060183046],[-74.0404512103744,40.1015097746336]]}},{"type":"Feature","id":160799,"properties":{"OBJECTID":160799,"PRIMENAME":"Baltimore Avenue","ELEVTYP_F":0,"ELEVTYP_T":0},"geometry":{"type":"LineString","coordinates":[[-74.0413796799099,40.0868800182952],[-74.041492903664,40.0877281640707]]}},{"type":"Feature","id":161052,"properties":{"OBJECTID":161052,"PRIMENAME":"Saint Louis Avenue","ELEVTYP_F":0,"ELEVTYP_T":0},"geometry":{"type":"LineString","coordinates":[[-74.0449107103248,40.0831787375611],[-74.0450249016367,40.084026774403]]}},{"type":"Feature","id":161110,"properties":{"OBJECTID":161110,"PRIMENAME":"Stoney Road","ELEVTYP_F":0,"ELEVTYP_T":0},"geometry":{"type":"LineString","coordinates":[[-74.0362577965562,40.0995079176866],[-74.0351070489646,40.0995025932463]]}},{"type":"Feature","id":161454,"properties":{"OBJECTID":161454,"PRIMENAME":"Burnt Tavern Road","ELEVTYP_F":0,"ELEVTYP_T":0},"geometry":{"type":"LineString","coordinates":[[-74.0566624416191,40.0772990622209],[-74.0565451678387,40.0772690733161],[-74.0558056347229,40.0770746445314],[-74.0553564415218,40.0769582612154]]}},{"type":"Feature","id":162196,"properties":{"OBJECTID":162196,"PRIMENAME":"River Avenue","ELEVTYP_F":0,"ELEVTYP_T":0},"geometry":{"type":"LineString","coordinates":[[-74.0510519752701,40.0936448022932],[-74.0511237012548,40.0931956733786],[-74.0511859359204,40.0927926833298],[-74.0511975623896,40.0926334447901]]}},{"type":"Feature","id":162220,"properties":{"OBJECTID":162220,"PRIMENAME":"Chicago Avenue","ELEVTYP_F":0,"ELEVTYP_T":0},"geometry":{"type":"LineString","coordinates":[[-74.0439447157638,40.091010091168],[-74.0439503262568,40.091053105041],[-74.0439556992559,40.0910942778666]]}},{"type":"Feature","id":162755,"properties":{"OBJECTID":162755,"PRIMENAME":"Ocean Road","ELEVTYP_F":0,"ELEVTYP_T":0},"geometry":{"type":"LineString","coordinates":[[-74.0524181208053,40.0815985454328],[-74.0520035792609,40.081500280687],[-74.0515632099632,40.0813950512012]]}},{"type":"Feature","id":162970,"properties":{"OBJECTID":162970,"PRIMENAME":"Charleston Street","ELEVTYP_F":0,"ELEVTYP_T":0},"geometry":{"type":"LineString","coordinates":[[-74.0478472066974,40.0791370782005],[-74.0479110767555,40.0790243337407],[-74.0481013474262,40.0786884673349]]}},{"type":"Feature","id":163251,"properties":{"OBJECTID":163251,"PRIMENAME":"Unnamed Segment","ELEVTYP_F":0,"ELEVTYP_T":0},"geometry":{"type":"LineString","coordinates":[[-74.0588914912168,40.0831211835654],[-74.0586405566786,40.0838246963136],[-74.0585555004284,40.0838434002436],[-74.0584600548677,40.0838267258432],[-74.0583860552054,40.0837775136449],[-74.0586195424033,40.0830572145125]]}},{"type":"Feature","id":163595,"properties":{"OBJECTID":163595,"PRIMENAME":"Ocean Avenue","ELEVTYP_F":0,"ELEVTYP_T":0},"geometry":{"type":"LineString","coordinates":[[-74.0370613940376,40.0957161520536],[-74.0369696167071,40.0960776807087]]}},{"type":"Feature","id":163813,"properties":{"OBJECTID":163813,"PRIMENAME":"Unnamed Segment","ELEVTYP_F":0,"ELEVTYP_T":0},"geometry":{"type":"LineString","coordinates":[[-74.0437133084838,40.0797214063245],[-74.0432292473579,40.0796607383932],[-74.0430826160929,40.0800097487125],[-74.0430976721122,40.0802485511076],[-74.0432911153105,40.0803686854148],[-74.0437335943063,40.0805963821939],[-74.0441101021459,40.0807300258493],[-74.0443481775727,40.0808162274966],[-74.0445059330144,40.0808409035957],[-74.0445602899581,40.0808888909512],[-74.0446082392103,40.0809312210608]]}},{"type":"Feature","id":163982,"properties":{"OBJECTID":163982,"PRIMENAME":"FR RT 35 NB to EVERGREEN AVE","ELEVTYP_F":0,"ELEVTYP_T":0},"geometry":{"type":"LineString","coordinates":[[-74.0552008215622,40.1065883545956],[-74.0553498984981,40.1068644738282],[-74.0554862292304,40.1070503867952],[-74.05566566835,40.1072982900576],[-74.0556791133651,40.1073420745777],[-74.0556818764583,40.1073789269498],[-74.0556783427569,40.1074219329904],[-74.0556645287511,40.1074734363208],[-74.0556390705493,40.1075122943416],[-74.0556138258802,40.1075401449583],[-74.05556974507,40.1075672919121],[-74.0555229806726,40.1075835842586],[-74.0554726628568,40.1075911055522],[-74.0554290459876,40.1075909381456]]}},{"type":"Feature","id":164023,"properties":{"OBJECTID":164023,"PRIMENAME":"Pike Avenue","ELEVTYP_F":0,"ELEVTYP_T":0},"geometry":{"type":"LineString","coordinates":[[-74.0367500309828,40.1067692839526],[-74.0366450685449,40.1067577451026],[-74.03556586037,40.1066390263011],[-74.0354563248504,40.1066269744598]]}},{"type":"Feature","id":164051,"properties":{"OBJECTID":164051,"PRIMENAME":"River Avenue","ELEVTYP_F":0,"ELEVTYP_T":0},"geometry":{"type":"LineString","coordinates":[[-74.0504926396739,40.0971416688359],[-74.0506332620918,40.0964309321424],[-74.0506589755254,40.0962064924908]]}},{"type":"Feature","id":164382,"properties":{"OBJECTID":164382,"PRIMENAME":"Cooks Road","ELEVTYP_F":0,"ELEVTYP_T":0},"geometry":{"type":"LineString","coordinates":[[-74.0475605859149,40.0933793081446],[-74.0476113277065,40.0935006023943],[-74.047640440542,40.0936008098496],[-74.0476760392386,40.0938497565624],[-74.0477399754636,40.0943161325303]]}},{"type":"Feature","id":164485,"properties":{"OBJECTID":164485,"PRIMENAME":"Boston Avenue","ELEVTYP_F":0,"ELEVTYP_T":0},"geometry":{"type":"LineString","coordinates":[[-74.0397278724147,40.0895782312893],[-74.0396526894027,40.0890338393847],[-74.0396072452008,40.0887282703956]]}},{"type":"Feature","id":165275,"properties":{"OBJECTID":165275,"PRIMENAME":"Atlantic Avenue","ELEVTYP_F":0,"ELEVTYP_T":0},"geometry":{"type":"LineString","coordinates":[[-74.0387206901072,40.0887997178598],[-74.0378422914487,40.0888663165356]]}},{"type":"Feature","id":165295,"properties":{"OBJECTID":165295,"PRIMENAME":"Baltimore Avenue","ELEVTYP_F":0,"ELEVTYP_T":0},"geometry":{"type":"LineString","coordinates":[[-74.041492903664,40.0877281640707],[-74.0416057897775,40.0885737287002]]}},{"type":"Feature","id":165664,"properties":{"OBJECTID":165664,"PRIMENAME":"Philadelphia Avenue","ELEVTYP_F":0,"ELEVTYP_T":0},"geometry":{"type":"LineString","coordinates":[[-74.0432576784505,40.0858807045237],[-74.0448005303258,40.0857641438392],[-74.0452539443301,40.0857272705788]]}},{"type":"Feature","id":166014,"properties":{"OBJECTID":166014,"PRIMENAME":"Howard Avenue","ELEVTYP_F":0,"ELEVTYP_T":0},"geometry":{"type":"LineString","coordinates":[[-74.0548188031008,40.0883983613379],[-74.0548756025741,40.087777781448],[-74.054888089753,40.0876604674912]]}},{"type":"Feature","id":166130,"properties":{"OBJECTID":166130,"PRIMENAME":"Baltimore Avenue","ELEVTYP_F":0,"ELEVTYP_T":0},"geometry":{"type":"LineString","coordinates":[[-74.0424149016375,40.0997026541289],[-74.0424300670031,40.1005982057412]]}},{"type":"Feature","id":166585,"properties":{"OBJECTID":166585,"PRIMENAME":"River Avenue","ELEVTYP_F":0,"ELEVTYP_T":0},"geometry":{"type":"LineString","coordinates":[[-74.0506589755254,40.0962064924908],[-74.0506820502707,40.0960050128963],[-74.0506885950621,40.0959478624565],[-74.0506963556683,40.095898257312]]}},{"type":"Feature","id":166828,"properties":{"OBJECTID":166828,"PRIMENAME":"Leighton Avenue","ELEVTYP_F":0,"ELEVTYP_T":0},"geometry":{"type":"LineString","coordinates":[[-74.0597921497164,40.0848154868037],[-74.058249075214,40.0845036204553],[-74.0571671102431,40.0842849976256]]}},{"type":"Feature","id":166835,"properties":{"OBJECTID":166835,"PRIMENAME":"Philadelphia Avenue","ELEVTYP_F":0,"ELEVTYP_T":0},"geometry":{"type":"LineString","coordinates":[[-74.0388581894257,40.08622609452],[-74.039449644618,40.0861786203551]]}},{"type":"Feature","id":167182,"properties":{"OBJECTID":167182,"PRIMENAME":"New Jersey Avenue","ELEVTYP_F":0,"ELEVTYP_T":0},"geometry":{"type":"LineString","coordinates":[[-74.0434838028874,40.0875734776655],[-74.041492903664,40.0877281640707]]}},{"type":"Feature","id":167258,"properties":{"OBJECTID":167258,"PRIMENAME":"Chicago Avenue","ELEVTYP_F":0,"ELEVTYP_T":0},"geometry":{"type":"LineString","coordinates":[[-74.0440980780115,40.0921858524598],[-74.0441523489429,40.0926022284382],[-74.0442279034653,40.0931611962943]]}},{"type":"Feature","id":167652,"properties":{"OBJECTID":167652,"PRIMENAME":"Harvard Avenue","ELEVTYP_F":0,"ELEVTYP_T":0},"geometry":{"type":"LineString","coordinates":[[-74.0373620715261,40.0985527234822],[-74.037331667592,40.0985448056721],[-74.0372499252811,40.0985215836035],[-74.0364452658377,40.0984321080001]]}},{"type":"Feature","id":167817,"properties":{"OBJECTID":167817,"PRIMENAME":"Beach Front","ELEVTYP_F":0,"ELEVTYP_T":0},"geometry":{"type":"LineString","coordinates":[[-74.0343251738326,40.1059415090225],[-74.0347112110246,40.1037413746752]]}},{"type":"Feature","id":168111,"properties":{"OBJECTID":168111,"PRIMENAME":"Unnamed Segment","ELEVTYP_F":0,"ELEVTYP_T":0},"geometry":{"type":"LineString","coordinates":[[-74.042392482587,40.0984329388789],[-74.0421734233585,40.0987151339363],[-74.0420614229413,40.0988081341581],[-74.0418487087712,40.0989467341808]]}},{"type":"Feature","id":168641,"properties":{"OBJECTID":168641,"PRIMENAME":"Wilmington Street","ELEVTYP_F":0,"ELEVTYP_T":0},"geometry":{"type":"LineString","coordinates":[[-74.0490371243358,40.08057024238],[-74.0498956206583,40.0790487495726]]}},{"type":"Feature","id":169054,"properties":{"OBJECTID":169054,"PRIMENAME":"Rosewood Avenue","ELEVTYP_F":0,"ELEVTYP_T":0},"geometry":{"type":"LineString","coordinates":[[-74.0535401438121,40.0861041500177],[-74.0548799935905,40.0863957253705],[-74.0549150893975,40.0864036449038]]}},{"type":"Feature","id":169083,"properties":{"OBJECTID":169083,"PRIMENAME":"North Street","ELEVTYP_F":0,"ELEVTYP_T":0},"geometry":{"type":"LineString","coordinates":[[-74.0455668423492,40.0808170199542],[-74.0460648934244,40.0809528065753]]}},{"type":"Feature","id":169325,"properties":{"OBJECTID":169325,"PRIMENAME":"Riverside Place","ELEVTYP_F":0,"ELEVTYP_T":0},"geometry":{"type":"LineString","coordinates":[[-74.0384408950162,40.0997415450445],[-74.0385274302224,40.0995847492297],[-74.0388480159746,40.0989826621318]]}},{"type":"Feature","id":169414,"properties":{"OBJECTID":169414,"PRIMENAME":"Baltimore Avenue","ELEVTYP_F":0,"ELEVTYP_T":0},"geometry":{"type":"LineString","coordinates":[[-74.0424015969627,40.0989404766651],[-74.0424089348024,40.0993501051201],[-74.0424149016375,40.0997026541289]]}},{"type":"Feature","id":169674,"properties":{"OBJECTID":169674,"PRIMENAME":"Delaware Avenue","ELEVTYP_F":0,"ELEVTYP_T":0},"geometry":{"type":"LineString","coordinates":[[-74.0442434234815,40.0770271290408],[-74.0445124245465,40.0771731301768],[-74.0445774234541,40.0772211278676],[-74.0446104245515,40.0772791289379],[-74.0446164229499,40.0773701288323],[-74.0445994232835,40.0774301301333],[-74.0445376291633,40.077504173666],[-74.0444547962445,40.0775250232627],[-74.0443598197566,40.0775293540625],[-74.0442742234724,40.0775054903604],[-74.0439568301671,40.0773348380611],[-74.0437800415514,40.0772070901943],[-74.0437314014926,40.0771527849854],[-74.0437224229072,40.0770821298725],[-74.0437154212596,40.0770311302662],[-74.0437334228916,40.0769581288297]]}},{"type":"Feature","id":170122,"properties":{"OBJECTID":170122,"PRIMENAME":"Osprey Avenue","ELEVTYP_F":0,"ELEVTYP_T":0},"geometry":{"type":"LineString","coordinates":[[-74.0485781369507,40.0974667897602],[-74.0485617550837,40.0973448391214],[-74.0483979348226,40.0961253333651]]}},{"type":"Feature","id":170188,"properties":{"OBJECTID":170188,"PRIMENAME":"Old Farm Road","ELEVTYP_F":0,"ELEVTYP_T":0},"geometry":{"type":"LineString","coordinates":[[-74.0561949305084,40.0794564374087],[-74.0559716518353,40.0793936204218],[-74.0555665412988,40.0792862625161],[-74.0552023486941,40.0791905081194],[-74.0549506028596,40.079133335287]]}},{"type":"Feature","id":170203,"properties":{"OBJECTID":170203,"PRIMENAME":"Atlantic Avenue","ELEVTYP_F":0,"ELEVTYP_T":0},"geometry":{"type":"LineString","coordinates":[[-74.054888089753,40.0876604674912],[-74.05524254288,40.0876835167002],[-74.0555588881482,40.0877019169639],[-74.0558715550032,40.0877145369326],[-74.0561558293722,40.0877289954693]]}},{"type":"Feature","id":170633,"properties":{"OBJECTID":170633,"PRIMENAME":"Gowdy Avenue","ELEVTYP_F":0,"ELEVTYP_T":0},"geometry":{"type":"LineString","coordinates":[[-74.0537869819236,40.0853644431034],[-74.053899744853,40.0849867371215],[-74.0539179425665,40.0849398514137]]}},{"type":"Feature","id":170658,"properties":{"OBJECTID":170658,"PRIMENAME":"Trenton Avenue","ELEVTYP_F":0,"ELEVTYP_T":0},"geometry":{"type":"LineString","coordinates":[[-74.0438242805634,40.0900962792392],[-74.0432093068137,40.090144397166],[-74.042963854101,40.0901655832869],[-74.0428714261674,40.0901807293755],[-74.0427615006777,40.0902201853309],[-74.0426746542956,40.090266402819],[-74.0426021036448,40.0903237407807],[-74.0425497542267,40.0903855772653],[-74.0424914643596,40.0904695733839],[-74.0423643048414,40.0906591565292]]}},{"type":"Feature","id":171905,"properties":{"OBJECTID":171905,"PRIMENAME":"Chicago Avenue","ELEVTYP_F":0,"ELEVTYP_T":0},"geometry":{"type":"LineString","coordinates":[[-74.0432576784505,40.0858807045237],[-74.0433473676356,40.0865793833591],[-74.0433676477363,40.0867270785666]]}},{"type":"Feature","id":172213,"properties":{"OBJECTID":172213,"PRIMENAME":"Saint Louis Avenue","ELEVTYP_F":0,"ELEVTYP_T":0},"geometry":{"type":"LineString","coordinates":[[-74.0456951101734,40.0891080164909],[-74.0457985875872,40.0899414599509]]}},{"type":"Feature","id":173116,"properties":{"OBJECTID":173116,"PRIMENAME":"Richard Avenue","ELEVTYP_F":0,"ELEVTYP_T":0},"geometry":{"type":"LineString","coordinates":[[-74.0455104231488,40.0996672923654],[-74.046546263284,40.0996650382854]]}},{"type":"Feature","id":173284,"properties":{"OBJECTID":173284,"PRIMENAME":"Gowdy Avenue","ELEVTYP_F":0,"ELEVTYP_T":0},"geometry":{"type":"LineString","coordinates":[[-74.0539179425665,40.0849398514137],[-74.053945185427,40.0848696599947],[-74.0540322306547,40.0847030527373],[-74.0545203402848,40.0837829164583],[-74.0549696626303,40.0828180176516],[-74.0552227531295,40.0822556505958]]}},{"type":"Feature","id":173760,"properties":{"OBJECTID":173760,"PRIMENAME":"Parkway","ELEVTYP_F":0,"ELEVTYP_T":0},"geometry":{"type":"LineString","coordinates":[[-74.0403218156825,40.0945208598474],[-74.0405566810998,40.0945189634895],[-74.0413347232477,40.0945120762655],[-74.0423305130259,40.0945032549222]]}},{"type":"Feature","id":174117,"properties":{"OBJECTID":174117,"PRIMENAME":"Forman Avenue","ELEVTYP_F":0,"ELEVTYP_T":0},"geometry":{"type":"LineString","coordinates":[[-74.0548188031008,40.0883983613379],[-74.0547294654985,40.0884048623228]]}},{"type":"Feature","id":174212,"properties":{"OBJECTID":174212,"PRIMENAME":"Harvard Avenue","ELEVTYP_F":0,"ELEVTYP_T":0},"geometry":{"type":"LineString","coordinates":[[-74.0424015969627,40.0989404766651],[-74.0422555914205,40.0989418488588],[-74.0418487087712,40.0989467341808]]}},{"type":"Feature","id":174245,"properties":{"OBJECTID":174245,"PRIMENAME":"Boston Avenue","ELEVTYP_F":0,"ELEVTYP_T":0},"geometry":{"type":"LineString","coordinates":[[-74.0396072452008,40.0887282703956],[-74.0395850186225,40.0885788915706],[-74.0394989037858,40.0878855501194]]}},{"type":"Feature","id":174789,"properties":{"OBJECTID":174789,"PRIMENAME":"Channel Drive","ELEVTYP_F":0,"ELEVTYP_T":0},"geometry":{"type":"LineString","coordinates":[[-74.0465743446183,40.101197194252],[-74.045811688836,40.1012035680088],[-74.0456180180548,40.101205663612],[-74.0455397431587,40.10121392118],[-74.0454577282841,40.1012307574968],[-74.0453681660593,40.101259012796],[-74.0452972097705,40.1012901953524],[-74.0451700928259,40.1013640391755],[-74.0450879080375,40.1014008878819],[-74.0449946274723,40.1014291273865],[-74.0448976480598,40.1014544700765],[-74.044793311605,40.1014626526593],[-74.044651779409,40.1014678067234],[-74.0444581364235,40.1014656177168]]}},{"type":"Feature","id":175019,"properties":{"OBJECTID":175019,"PRIMENAME":"Yale Avenue","ELEVTYP_F":0,"ELEVTYP_T":0},"geometry":{"type":"LineString","coordinates":[[-74.0470997716998,40.0980031351465],[-74.0470237455682,40.098060900841],[-74.046909834222,40.0981282367427],[-74.0468477837353,40.0981539374813],[-74.0467426536616,40.0981854817259],[-74.0466177489711,40.0982072021092],[-74.0465059531766,40.0982089333296]]}},{"type":"Feature","id":175815,"properties":{"OBJECTID":175815,"PRIMENAME":"Cramer Avenue","ELEVTYP_F":0,"ELEVTYP_T":0},"geometry":{"type":"LineString","coordinates":[[-74.0537139122077,40.0903526166409],[-74.0537580503663,40.0895817101782],[-74.0537510287131,40.0895130504384],[-74.0537369437559,40.0893928889677],[-74.0537148846968,40.089349922061],[-74.0536849333199,40.0893222437025]]}},{"type":"Feature","id":177073,"properties":{"OBJECTID":177073,"PRIMENAME":"Clayton Avenue","ELEVTYP_F":0,"ELEVTYP_T":0},"geometry":{"type":"LineString","coordinates":[[-74.0591631096797,40.086787443414],[-74.0584700028217,40.0866149232359],[-74.0566076724,40.0861559587876]]}},{"type":"Feature","id":178352,"properties":{"OBJECTID":178352,"PRIMENAME":"Chicago Avenue","ELEVTYP_F":0,"ELEVTYP_T":0},"geometry":{"type":"LineString","coordinates":[[-74.0437133365188,40.0892659066464],[-74.0438242805634,40.0900962792392]]}},{"type":"Feature","id":178353,"properties":{"OBJECTID":178353,"PRIMENAME":"New York Avenue","ELEVTYP_F":0,"ELEVTYP_T":0},"geometry":{"type":"LineString","coordinates":[[-74.0489928244541,40.0862766204532],[-74.0492575196952,40.0862562926043],[-74.0497938606832,40.0862240619569],[-74.0498907777881,40.0862101346934],[-74.0499852721635,40.0861894454497]]}},{"type":"Feature","id":178667,"properties":{"OBJECTID":178667,"PRIMENAME":"3rd Avenue","ELEVTYP_F":0,"ELEVTYP_T":0},"geometry":{"type":"LineString","coordinates":[[-74.0369772405527,40.1055035361668],[-74.036931315363,40.1057436770066],[-74.0368620946538,40.1061344684097]]}},{"type":"Feature","id":179334,"properties":{"OBJECTID":179334,"PRIMENAME":"Wyndham Drive","ELEVTYP_F":0,"ELEVTYP_T":0},"geometry":{"type":"LineString","coordinates":[[-74.0467251191276,40.07709132989],[-74.0469040345693,40.0767493043009],[-74.0469319396672,40.0767069709697],[-74.0469597603229,40.0766773749061],[-74.0470014026841,40.0766436059304],[-74.0470485204155,40.0766140853018],[-74.0470928663585,40.0765930653694],[-74.0471399151752,40.0765741140701],[-74.0471952608797,40.0765595059002],[-74.0472671239705,40.0765491901103],[-74.0474275424232,40.0765441524631],[-74.0475073968933,40.0765416452305],[-74.0478223939195,40.0765428751749],[-74.0478304848959,40.0765429067559],[-74.0480065859511,40.0765471273984],[-74.0481479570621,40.0765505151794]]}},{"type":"Feature","id":179728,"properties":{"OBJECTID":179728,"PRIMENAME":"Broadway","ELEVTYP_F":0,"ELEVTYP_T":0},"geometry":{"type":"LineString","coordinates":[[-74.047677135142,40.1005194344883],[-74.0476965600196,40.1005175333285],[-74.0478563162365,40.1004916929879],[-74.048787001066,40.1003205010347],[-74.049113980984,40.1002746097022],[-74.0491797136708,40.1002653389635]]}},{"type":"Feature","id":179938,"properties":{"OBJECTID":179938,"PRIMENAME":"Saint Louis Avenue","ELEVTYP_F":0,"ELEVTYP_T":0},"geometry":{"type":"LineString","coordinates":[[-74.0457985875872,40.0899414599509],[-74.0458556213708,40.0904006172611]]}},{"type":"Feature","id":180620,"properties":{"OBJECTID":180620,"PRIMENAME":"Old Farm Road","ELEVTYP_F":0,"ELEVTYP_T":0},"geometry":{"type":"LineString","coordinates":[[-74.0571438446667,40.0797118972446],[-74.0566516548113,40.0795849650997],[-74.0561949305084,40.0794564374087]]}},{"type":"Feature","id":181334,"properties":{"OBJECTID":181334,"PRIMENAME":"Makin Avenue","ELEVTYP_F":0,"ELEVTYP_T":0},"geometry":{"type":"LineString","coordinates":[[-74.0400009719692,40.0842178017505],[-74.0410222861513,40.0841403168021]]}},{"type":"Feature","id":181533,"properties":{"OBJECTID":181533,"PRIMENAME":"Cedar Avenue","ELEVTYP_F":0,"ELEVTYP_T":0},"geometry":{"type":"LineString","coordinates":[[-74.0538155948194,40.097787309954],[-74.0534279368265,40.0977094501239]]}},{"type":"Feature","id":182025,"properties":{"OBJECTID":182025,"PRIMENAME":"Saint Louis Avenue","ELEVTYP_F":0,"ELEVTYP_T":0},"geometry":{"type":"LineString","coordinates":[[-74.0465709776959,40.1005571672836],[-74.0465771178416,40.1007794238668],[-74.0465743446183,40.101197194252]]}},{"type":"Feature","id":182870,"properties":{"OBJECTID":182870,"PRIMENAME":"Borden Avenue","ELEVTYP_F":0,"ELEVTYP_T":0},"geometry":{"type":"LineString","coordinates":[[-74.0561558293722,40.0877289954693],[-74.0561294224735,40.0880360680111],[-74.0560012662446,40.0891611280075]]}},{"type":"Feature","id":184367,"properties":{"OBJECTID":184367,"PRIMENAME":"Boston Avenue","ELEVTYP_F":0,"ELEVTYP_T":0},"geometry":{"type":"LineString","coordinates":[[-74.0393946991964,40.0870392496119],[-74.0393271546437,40.0866296004824]]}},{"type":"Feature","id":184418,"properties":{"OBJECTID":184418,"PRIMENAME":"Ocean Avenue","ELEVTYP_F":0,"ELEVTYP_T":0},"geometry":{"type":"LineString","coordinates":[[-74.0387206901072,40.0887997178598],[-74.0384742967463,40.089675177407]]}},{"type":"Feature","id":184601,"properties":{"OBJECTID":184601,"PRIMENAME":"Curtis Avenue","ELEVTYP_F":0,"ELEVTYP_T":0},"geometry":{"type":"LineString","coordinates":[[-74.0520494898036,40.0974350787479],[-74.051950380637,40.097745458758]]}},{"type":"Feature","id":185498,"properties":{"OBJECTID":185498,"PRIMENAME":"Niblick Street","ELEVTYP_F":0,"ELEVTYP_T":0},"geometry":{"type":"LineString","coordinates":[[-74.0403332735714,40.095399925949],[-74.041215055478,40.0953918092179],[-74.0417633947689,40.0953887359324]]}},{"type":"Feature","id":186506,"properties":{"OBJECTID":186506,"PRIMENAME":"Ocean Avenue","ELEVTYP_F":0,"ELEVTYP_T":0},"geometry":{"type":"LineString","coordinates":[[-74.0393271546437,40.0866296004824],[-74.0393068864346,40.0867042745783],[-74.0392082722335,40.0870543486414]]}},{"type":"Feature","id":187035,"properties":{"OBJECTID":187035,"PRIMENAME":"New York Avenue","ELEVTYP_F":0,"ELEVTYP_T":0},"geometry":{"type":"LineString","coordinates":[[-74.0499852721635,40.0861894454497],[-74.0500063547819,40.0861848329436],[-74.0506216689588,40.0860299427527]]}},{"type":"Feature","id":187326,"properties":{"OBJECTID":187326,"PRIMENAME":"Trenton Avenue","ELEVTYP_F":0,"ELEVTYP_T":0},"geometry":{"type":"LineString","coordinates":[[-74.0560012662446,40.0891611280075],[-74.0554761637879,40.0891259650758]]}},{"type":"Feature","id":187330,"properties":{"OBJECTID":187330,"PRIMENAME":"New Jersey Avenue","ELEVTYP_F":0,"ELEVTYP_T":0},"geometry":{"type":"LineString","coordinates":[[-74.041492903664,40.0877281640707],[-74.0405307446192,40.0878029226091],[-74.0394989037858,40.0878855501194]]}},{"type":"Feature","id":187410,"properties":{"OBJECTID":187410,"PRIMENAME":"Arnold Avenue","ELEVTYP_F":0,"ELEVTYP_T":0},"geometry":{"type":"LineString","coordinates":[[-74.0518050894398,40.0915816805168],[-74.0511931531156,40.0916285888902]]}},{"type":"Feature","id":187464,"properties":{"OBJECTID":187464,"PRIMENAME":"Broadway","ELEVTYP_F":0,"ELEVTYP_T":0},"geometry":{"type":"LineString","coordinates":[[-74.04443259025,40.1005790298252],[-74.0465709776959,40.1005571672836]]}},{"type":"Feature","id":187605,"properties":{"OBJECTID":187605,"PRIMENAME":"New Jersey Avenue","ELEVTYP_F":0,"ELEVTYP_T":0},"geometry":{"type":"LineString","coordinates":[[-74.0454762772245,40.0874170608953],[-74.0441031496482,40.0875253484116],[-74.0434838028874,40.0875734776655]]}},{"type":"Feature","id":187705,"properties":{"OBJECTID":187705,"PRIMENAME":"Ocean Front","ELEVTYP_F":0,"ELEVTYP_T":0},"geometry":{"type":"LineString","coordinates":[[-74.0406982774005,40.0798256276737],[-74.0406686832098,40.0798983529542],[-74.0406025986497,40.0801448743883],[-74.0405892493586,40.0801893724086]]}},{"type":"Feature","id":187804,"properties":{"OBJECTID":187804,"PRIMENAME":"Briarcliff Avenue","ELEVTYP_F":0,"ELEVTYP_T":0},"geometry":{"type":"LineString","coordinates":[[-74.0556587294334,40.0857870857503],[-74.0566570283283,40.0860131718352]]}},{"type":"Feature","id":188220,"properties":{"OBJECTID":188220,"PRIMENAME":"Saint Louis Avenue","ELEVTYP_F":0,"ELEVTYP_T":0},"geometry":{"type":"LineString","coordinates":[[-74.0447667591243,40.0821093104368],[-74.044889560634,40.083021814223],[-74.0449107103248,40.0831787375611]]}},{"type":"Feature","id":188283,"properties":{"OBJECTID":188283,"PRIMENAME":"Cedar Avenue","ELEVTYP_F":0,"ELEVTYP_T":0},"geometry":{"type":"LineString","coordinates":[[-74.0534279368265,40.0977094501239],[-74.0523057651809,40.0974840574194],[-74.0520494898036,40.0974350787479]]}},{"type":"Feature","id":189190,"properties":{"OBJECTID":189190,"PRIMENAME":"Ashley Avenue","ELEVTYP_F":0,"ELEVTYP_T":0},"geometry":{"type":"LineString","coordinates":[[-74.0550791098758,40.1064251731809],[-74.054782731313,40.1067198412574]]}},{"type":"Feature","id":190172,"properties":{"OBJECTID":190172,"PRIMENAME":"Ocean Avenue","ELEVTYP_F":0,"ELEVTYP_T":0},"geometry":{"type":"LineString","coordinates":[[-74.0404215661665,40.0827034252649],[-74.0402304098625,40.0833916584262]]}},{"type":"Feature","id":190837,"properties":{"OBJECTID":190837,"PRIMENAME":"Riverview Drive","ELEVTYP_F":0,"ELEVTYP_T":0},"geometry":{"type":"LineString","coordinates":[[-74.0588804247748,40.1064465481152],[-74.0587056887917,40.1066421723472]]}},{"type":"Feature","id":191054,"properties":{"OBJECTID":191054,"PRIMENAME":"Atlantic Avenue","ELEVTYP_F":0,"ELEVTYP_T":0},"geometry":{"type":"LineString","coordinates":[[-74.0387206901072,40.0887997178598],[-74.0388249906195,40.0887887123851],[-74.0396072452008,40.0887282703956]]}},{"type":"Feature","id":191220,"properties":{"OBJECTID":191220,"PRIMENAME":"Chicago Avenue","ELEVTYP_F":0,"ELEVTYP_T":0},"geometry":{"type":"LineString","coordinates":[[-74.0443722972123,40.0968677127262],[-74.0443852693317,40.097554475088]]}},{"type":"Feature","id":191292,"properties":{"OBJECTID":191292,"PRIMENAME":"Marla Drive","ELEVTYP_F":0,"ELEVTYP_T":0},"geometry":{"type":"LineString","coordinates":[[-74.057515323657,40.0892603438463],[-74.0574347255246,40.0899704203643],[-74.0574239305504,40.0900655245651]]}},{"type":"Feature","id":191361,"properties":{"OBJECTID":191361,"PRIMENAME":"Unnamed Segment","ELEVTYP_F":0,"ELEVTYP_T":0},"geometry":{"type":"LineString","coordinates":[[-74.0439124232263,40.078995128653],[-74.0437133084838,40.0797214063245]]}},{"type":"Feature","id":191561,"properties":{"OBJECTID":191561,"PRIMENAME":"Forman Avenue","ELEVTYP_F":0,"ELEVTYP_T":0},"geometry":{"type":"LineString","coordinates":[[-74.0417184240328,40.0894200045516],[-74.0437133365188,40.0892659066464]]}},{"type":"Feature","id":192528,"properties":{"OBJECTID":192528,"PRIMENAME":"Jackson Street","ELEVTYP_F":0,"ELEVTYP_T":0},"geometry":{"type":"LineString","coordinates":[[-74.0565106548505,40.0758739353348],[-74.0565640803737,40.0763753254029]]}},{"type":"Feature","id":192929,"properties":{"OBJECTID":192929,"PRIMENAME":"Woodland Road","ELEVTYP_F":0,"ELEVTYP_T":0},"geometry":{"type":"LineString","coordinates":[[-74.0540920708602,40.0932412077459],[-74.0540916293981,40.0932376915506],[-74.0540847914949,40.0931461640381],[-74.0539960815233,40.0924709428718],[-74.0539842256734,40.0924254069214]]}},{"type":"Feature","id":193072,"properties":{"OBJECTID":193072,"PRIMENAME":"FR RT 35 SB to RT 35 NB","ELEVTYP_F":0,"ELEVTYP_T":0},"geometry":{"type":"LineString","coordinates":[[-74.0503743401974,40.09660540707],[-74.0503658605809,40.0965773039643],[-74.0503556248605,40.096549547875],[-74.0503436568908,40.0965222034826],[-74.0503299845631,40.0964953345081],[-74.05031463974,40.0964690035645],[-74.0502976581816,40.0964432720109],[-74.0502790794619,40.0964181998098],[-74.0502589468768,40.0963938453869],[-74.0502422915142,40.0963771783594],[-74.0502239723236,40.0963615748732],[-74.0502041040135,40.0963471326309],[-74.0501828109917,40.0963339420638],[-74.0501678895002,40.0963258849031],[-74.0501524354333,40.0963184433595],[-74.0501364918115,40.0963116381483],[-74.0501201030178,40.0963054882135],[-74.0501033146745,40.0963000106749],[-74.0500861735163,40.0962952207806],[-74.0500687272597,40.0962911318643],[-74.0500510244708,40.0962877553087]]}},{"type":"Feature","id":194089,"properties":{"OBJECTID":194089,"PRIMENAME":"Ocean Road","ELEVTYP_F":0,"ELEVTYP_T":0},"geometry":{"type":"LineString","coordinates":[[-74.0552227531295,40.0822556505958],[-74.0542338803677,40.0820236041697],[-74.0540847163748,40.0819886038103]]}},{"type":"Feature","id":194368,"properties":{"OBJECTID":194368,"PRIMENAME":"Higgins Avenue","ELEVTYP_F":0,"ELEVTYP_T":0},"geometry":{"type":"LineString","coordinates":[[-74.0556684559019,40.1058588279085],[-74.0555954798068,40.105810312437],[-74.0552493599168,40.105580190899],[-74.0550640687525,40.1054412523253],[-74.0549528384878,40.1053598116153],[-74.0548875180435,40.1053042961334]]}},{"type":"Feature","id":196107,"properties":{"OBJECTID":196107,"PRIMENAME":"Elizabeth Avenue","ELEVTYP_F":0,"ELEVTYP_T":0},"geometry":{"type":"LineString","coordinates":[[-74.0465678309029,40.0825972665318],[-74.0467700665725,40.0826499216223]]}},{"type":"Feature","id":197464,"properties":{"OBJECTID":197464,"PRIMENAME":"Ocean Road","ELEVTYP_F":0,"ELEVTYP_T":0},"geometry":{"type":"LineString","coordinates":[[-74.0586195424033,40.0830572145125],[-74.0577841757616,40.0828654730966]]}},{"type":"Feature","id":197984,"properties":{"OBJECTID":197984,"PRIMENAME":"Whiting Avenue","ELEVTYP_F":0,"ELEVTYP_T":0},"geometry":{"type":"LineString","coordinates":[[-74.0350509023267,40.1060014191935],[-74.0343251738326,40.1059415090225]]}},{"type":"Feature","id":198489,"properties":{"OBJECTID":198489,"PRIMENAME":"Danby Place","ELEVTYP_F":0,"ELEVTYP_T":0},"geometry":{"type":"LineString","coordinates":[[-74.0356582186099,40.0978365728202],[-74.0356106435689,40.0979969003232]]}},{"type":"Feature","id":198902,"properties":{"OBJECTID":198902,"PRIMENAME":"FR RT 35 NB to RT 35 SB","ELEVTYP_F":0,"ELEVTYP_T":0},"geometry":{"type":"LineString","coordinates":[[-74.0497031483396,40.0987369480819],[-74.0497361881764,40.0987759413286],[-74.049773072904,40.0988128455087],[-74.049813579567,40.0988474375433],[-74.0498574633152,40.0988795083296],[-74.0498861855848,40.0988943702898],[-74.0499170729004,40.0989064021937],[-74.0499496548531,40.098915420797],[-74.0499834352244,40.0989212887474],[-74.0500178995434,40.0989239166766],[-74.0500525229223,40.0989232645616],[-74.0500867780509,40.098919342334],[-74.0501201432277,40.0989122097289],[-74.0501439107841,40.0989036804642],[-74.050166709053,40.0988937121683],[-74.0501883906001,40.0988823693057],[-74.0502088152128,40.0988697252295],[-74.0502278508076,40.0988558617083],[-74.0502453742835,40.0988408683963],[-74.0502612723187,40.0988248422539],[-74.0502754421032,40.0988078869209],[-74.0503039100403,40.0987541030643],[-74.050329884838,40.098699580121],[-74.0503533340444,40.0986443862227],[-74.0503742283636,40.0985885903392]]}},{"type":"Feature","id":199530,"properties":{"OBJECTID":199530,"PRIMENAME":"Saint Louis Avenue","ELEVTYP_F":0,"ELEVTYP_T":0},"geometry":{"type":"LineString","coordinates":[[-74.0446583999732,40.0813039302777],[-74.0447667591243,40.0821093104368]]}},{"type":"Feature","id":200310,"properties":{"OBJECTID":200310,"PRIMENAME":"Ocean Avenue","ELEVTYP_F":0,"ELEVTYP_T":0},"geometry":{"type":"LineString","coordinates":[[-74.0362577965562,40.0995079176866],[-74.0362148874277,40.099773092623],[-74.0362086512113,40.0998116288726]]}},{"type":"Feature","id":201228,"properties":{"OBJECTID":201228,"PRIMENAME":"Cooks Lane","ELEVTYP_F":0,"ELEVTYP_T":0},"geometry":{"type":"LineString","coordinates":[[-74.0469763089004,40.0953438202182],[-74.0469861191152,40.0953252728386],[-74.0469912759921,40.0952806818094],[-74.0469889294723,40.0949014351109],[-74.0469941849694,40.094841965057],[-74.0470091413216,40.0947751202568],[-74.0472661006075,40.0935916329458],[-74.0472829033522,40.0935265804806],[-74.0473014243922,40.0934933516273],[-74.047327653334,40.0934676484412],[-74.0473617128254,40.0934417560796],[-74.0474102590367,40.0934196266538],[-74.0474684671942,40.0934012683175],[-74.0475605859149,40.0933793081446]]}},{"type":"Feature","id":201965,"properties":{"OBJECTID":201965,"PRIMENAME":"Borden Avenue","ELEVTYP_F":0,"ELEVTYP_T":0},"geometry":{"type":"LineString","coordinates":[[-74.0569117672867,40.0851962621836],[-74.0566570283283,40.0860131718352]]}},{"type":"Feature","id":202339,"properties":{"OBJECTID":202339,"PRIMENAME":"Cooks Road","ELEVTYP_F":0,"ELEVTYP_T":0},"geometry":{"type":"LineString","coordinates":[[-74.0474787131902,40.0929012772511],[-74.0475347093359,40.0932600880161],[-74.0475605859149,40.0933793081446]]}},{"type":"Feature","id":203966,"properties":{"OBJECTID":203966,"PRIMENAME":"Catherine Street","ELEVTYP_F":0,"ELEVTYP_T":0},"geometry":{"type":"LineString","coordinates":[[-74.0593168125892,40.0815140021487],[-74.058689215812,40.0813666050342],[-74.0584005094118,40.0812951418036]]}},{"type":"Feature","id":205029,"properties":{"OBJECTID":205029,"PRIMENAME":"Ocean Avenue","ELEVTYP_F":0,"ELEVTYP_T":0},"geometry":{"type":"LineString","coordinates":[[-74.0369696167071,40.0960776807087],[-74.0369249025521,40.096253812943]]}},{"type":"Feature","id":206084,"properties":{"OBJECTID":206084,"PRIMENAME":"Whiting Avenue","ELEVTYP_F":0,"ELEVTYP_T":0},"geometry":{"type":"LineString","coordinates":[[-74.0368620946538,40.1061344684097],[-74.0367115018699,40.1061193434527],[-74.0355676375207,40.1060044560632]]}},{"type":"Feature","id":206175,"properties":{"OBJECTID":206175,"PRIMENAME":"Higgins Avenue","ELEVTYP_F":0,"ELEVTYP_T":0},"geometry":{"type":"LineString","coordinates":[[-74.0556684559019,40.1058588279085],[-74.0562939374125,40.1062609973864],[-74.0563402928409,40.106290878776]]}},{"type":"Feature","id":207004,"properties":{"OBJECTID":207004,"PRIMENAME":"Timber Lane","ELEVTYP_F":0,"ELEVTYP_T":0},"geometry":{"type":"LineString","coordinates":[[-74.0353445827885,40.1072545420169],[-74.0354563248504,40.1066269744598]]}},{"type":"Feature","id":207723,"properties":{"OBJECTID":207723,"PRIMENAME":"Niblick Street","ELEVTYP_F":0,"ELEVTYP_T":0},"geometry":{"type":"LineString","coordinates":[[-74.0417633947689,40.0953887359324],[-74.0423404035707,40.0953855535601]]}},{"type":"Feature","id":207790,"properties":{"OBJECTID":207790,"PRIMENAME":"Saint Louis Avenue","ELEVTYP_F":0,"ELEVTYP_T":0},"geometry":{"type":"LineString","coordinates":[[-74.0462040016642,40.0930027538895],[-74.0463461061695,40.0940177845642],[-74.0464005033323,40.0944283666355]]}},{"type":"Feature","id":208103,"properties":{"OBJECTID":208103,"PRIMENAME":"South Baltimore Avenue","ELEVTYP_F":0,"ELEVTYP_T":0},"geometry":{"type":"LineString","coordinates":[[-74.0402304098625,40.0833916584262],[-74.040866491608,40.0834965548333],[-74.0408961686761,40.0835052650567],[-74.040922088397,40.0835253811584],[-74.0409367802537,40.0835569005571],[-74.0409514349444,40.0835941301945]]}},{"type":"Feature","id":208362,"properties":{"OBJECTID":208362,"PRIMENAME":"Niblick Street","ELEVTYP_F":0,"ELEVTYP_T":0},"geometry":{"type":"LineString","coordinates":[[-74.0423404035707,40.0953855535601],[-74.04435072751,40.0953743446944]]}},{"type":"Feature","id":210304,"properties":{"OBJECTID":210304,"PRIMENAME":"Saint Louis Avenue","ELEVTYP_F":0,"ELEVTYP_T":0},"geometry":{"type":"LineString","coordinates":[[-74.0460678724674,40.0920304894745],[-74.0462040016642,40.0930027538895]]}},{"type":"Feature","id":210601,"properties":{"OBJECTID":210601,"PRIMENAME":"Ocean Avenue","ELEVTYP_F":0,"ELEVTYP_T":0},"geometry":{"type":"LineString","coordinates":[[-74.0368294765208,40.0966296685513],[-74.0367656709812,40.0968809797142]]}},{"type":"Feature","id":210641,"properties":{"OBJECTID":210641,"PRIMENAME":"Saint Louis Avenue","ELEVTYP_F":0,"ELEVTYP_T":0},"geometry":{"type":"LineString","coordinates":[[-74.0451393714507,40.0848765423362],[-74.0452539443301,40.0857272705788]]}},{"type":"Feature","id":211356,"properties":{"OBJECTID":211356,"PRIMENAME":"Inlet Drive","ELEVTYP_F":0,"ELEVTYP_T":0},"geometry":{"type":"LineString","coordinates":[[-74.0357845538839,40.1022740168505],[-74.0358174422362,40.1023059393782],[-74.0358710645323,40.1023379729015],[-74.0374010418599,40.1031346264826],[-74.0376488103684,40.1032636343003],[-74.0376901010009,40.1032797214936],[-74.037739728275,40.1032894740723],[-74.0377852163215,40.1032928125181],[-74.0378431666078,40.1032930437566],[-74.0379011394258,40.1032901181411],[-74.0379508811861,40.1032775781327],[-74.0379965410042,40.103255523155],[-74.0380382552157,40.1032143722267],[-74.0380633878899,40.1031667872835],[-74.0380720898673,40.1031064244839],[-74.038060121922,40.1030364544633],[-74.0380191469835,40.1029790783726],[-74.0377050456017,40.1026407431659],[-74.0375630060147,40.1024877426434],[-74.0368398276323,40.1016997512199],[-74.036761805184,40.1016072509635],[-74.0367331501704,40.1015626351052],[-74.0367126896918,40.1015276056267],[-74.0367004851906,40.1014925821468],[-74.0366925732908,40.101441679571],[-74.0366889003318,40.1013717416698],[-74.0366895040177,40.1012827415732],[-74.0366984439833,40.1011874330662],[-74.0368182515208,40.1005110567812]]}},{"type":"Feature","id":211662,"properties":{"OBJECTID":211662,"PRIMENAME":"Ocean Avenue","ELEVTYP_F":0,"ELEVTYP_T":0},"geometry":{"type":"LineString","coordinates":[[-74.0363040761401,40.0992251171094],[-74.0362983891008,40.0992570616176],[-74.0362577965562,40.0995079176866]]}},{"type":"Feature","id":212434,"properties":{"OBJECTID":212434,"PRIMENAME":"Gowdy Avenue","ELEVTYP_F":0,"ELEVTYP_T":0},"geometry":{"type":"LineString","coordinates":[[-74.0535401438121,40.0861041500177],[-74.0537869819236,40.0853644431034]]}},{"type":"Feature","id":213644,"properties":{"OBJECTID":213644,"PRIMENAME":"Twilight Road","ELEVTYP_F":0,"ELEVTYP_T":0},"geometry":{"type":"LineString","coordinates":[[-74.0437723848311,40.075269256197],[-74.0437805565471,40.0752710456314],[-74.0459485247724,40.0757393761006],[-74.0459453655941,40.0757832464034]]}},{"type":"Feature","id":214427,"properties":{"OBJECTID":214427,"PRIMENAME":"Chicago Avenue","ELEVTYP_F":0,"ELEVTYP_T":0},"geometry":{"type":"LineString","coordinates":[[-74.0438858551631,40.0905587221743],[-74.0439447157638,40.091010091168]]}},{"type":"Feature","id":214469,"properties":{"OBJECTID":214469,"PRIMENAME":"South Street","ELEVTYP_F":0,"ELEVTYP_T":0},"geometry":{"type":"LineString","coordinates":[[-74.0565106548505,40.0758739353348],[-74.0565450646949,40.0758801611522],[-74.0576980949654,40.0760304283865]]}},{"type":"Feature","id":215204,"properties":{"OBJECTID":215204,"PRIMENAME":"Bay Avenue","ELEVTYP_F":0,"ELEVTYP_T":0},"geometry":{"type":"LineString","coordinates":[[-74.0540847163748,40.0819886038103],[-74.0540289459418,40.0821061357659],[-74.0538857372186,40.0823744059661],[-74.0537349650767,40.0826569219143],[-74.0536443870745,40.0828340300821]]}},{"type":"Feature","id":215297,"properties":{"OBJECTID":215297,"PRIMENAME":"Chicago Avenue","ELEVTYP_F":0,"ELEVTYP_T":0},"geometry":{"type":"LineString","coordinates":[[-74.0439556992559,40.0910942778666],[-74.0440177889771,40.091570641961]]}},{"type":"Feature","id":215697,"properties":{"OBJECTID":215697,"PRIMENAME":"American Legion Way","ELEVTYP_F":0,"ELEVTYP_T":0},"geometry":{"type":"LineString","coordinates":[[-74.0480978813872,40.0907359960207],[-74.049472537019,40.0906269538988],[-74.0495693492705,40.0906190395318]]}},{"type":"Feature","id":216303,"properties":{"OBJECTID":216303,"PRIMENAME":"1st Avenue","ELEVTYP_F":0,"ELEVTYP_T":0},"geometry":{"type":"LineString","coordinates":[[-74.0536443870745,40.0828340300821],[-74.0514231269072,40.0822442375701]]}},{"type":"Feature","id":216305,"properties":{"OBJECTID":216305,"PRIMENAME":"Ocean Avenue","ELEVTYP_F":0,"ELEVTYP_T":0},"geometry":{"type":"LineString","coordinates":[[-74.0389621147264,40.0879285476789],[-74.0388960522275,40.0881630913704],[-74.0387206901072,40.0887997178598]]}},{"type":"Feature","id":216863,"properties":{"OBJECTID":216863,"PRIMENAME":"Maryland Avenue","ELEVTYP_F":0,"ELEVTYP_T":0},"geometry":{"type":"LineString","coordinates":[[-74.0478472066974,40.0791370782005],[-74.0466292701929,40.0787352079368],[-74.0465949587865,40.0787085815671]]}},{"type":"Feature","id":217035,"properties":{"OBJECTID":217035,"PRIMENAME":"Oak Terrace","ELEVTYP_F":0,"ELEVTYP_T":0},"geometry":{"type":"LineString","coordinates":[[-74.0558234908693,40.0931129274316],[-74.0540920708602,40.0932412077459]]}},{"type":"Feature","id":217214,"properties":{"OBJECTID":217214,"PRIMENAME":"Boston Avenue","ELEVTYP_F":0,"ELEVTYP_T":0},"geometry":{"type":"LineString","coordinates":[[-74.0398432423741,40.0904131277122],[-74.0397278724147,40.0895782312893]]}},{"type":"Feature","id":218698,"properties":{"OBJECTID":218698,"PRIMENAME":"Saint Louis Avenue","ELEVTYP_F":0,"ELEVTYP_T":0},"geometry":{"type":"LineString","coordinates":[[-74.0458556213708,40.0904006172611],[-74.0459173711404,40.090897925554]]}},{"type":"Feature","id":218711,"properties":{"OBJECTID":218711,"PRIMENAME":"Lincoln Avenue","ELEVTYP_F":0,"ELEVTYP_T":0},"geometry":{"type":"LineString","coordinates":[[-74.0561126021321,40.0922597770808],[-74.0561748452357,40.0917628944215]]}},{"type":"Feature","id":218914,"properties":{"OBJECTID":218914,"PRIMENAME":"Brunswick Place","ELEVTYP_F":0,"ELEVTYP_T":0},"geometry":{"type":"LineString","coordinates":[[-74.0368294765208,40.0966296685513],[-74.0355264216507,40.0966301341331]]}},{"type":"Feature","id":219349,"properties":{"OBJECTID":219349,"PRIMENAME":"Trenton Avenue","ELEVTYP_F":0,"ELEVTYP_T":0},"geometry":{"type":"LineString","coordinates":[[-74.0593612508569,40.089372663096],[-74.0597418181522,40.0893939316475]]}},{"type":"Feature","id":219424,"properties":{"OBJECTID":219424,"PRIMENAME":"Delaware Avenue","ELEVTYP_F":0,"ELEVTYP_T":0},"geometry":{"type":"LineString","coordinates":[[-74.048072427972,40.0784314291245],[-74.0478198305128,40.078346929366],[-74.04654415228,40.0779201745018],[-74.0464967507033,40.0779166671906]]}},{"type":"Feature","id":219842,"properties":{"OBJECTID":219842,"PRIMENAME":"Jackson Street","ELEVTYP_F":0,"ELEVTYP_T":0},"geometry":{"type":"LineString","coordinates":[[-74.0565640803737,40.0763753254029],[-74.0566624416191,40.0772990622209]]}},{"type":"Feature","id":220022,"properties":{"OBJECTID":220022,"PRIMENAME":"Atlantic Avenue","ELEVTYP_F":0,"ELEVTYP_T":0},"geometry":{"type":"LineString","coordinates":[[-74.0519477719577,40.0877618823293],[-74.0522020606764,40.0877430720144],[-74.0531445237892,40.0876666300679],[-74.0533862398017,40.0876465608235]]}},{"type":"Feature","id":221040,"properties":{"OBJECTID":221040,"PRIMENAME":"Trenton Avenue","ELEVTYP_F":0,"ELEVTYP_T":0},"geometry":{"type":"LineString","coordinates":[[-74.0417658273128,40.0898400880134],[-74.0417544834638,40.0898686490896],[-74.0417282192016,40.0898942689258],[-74.0411186912001,40.0902864946288],[-74.0410851036878,40.0903006645428],[-74.0410477827924,40.0903119644645],[-74.0409956309598,40.090317468205],[-74.0409248379276,40.0903257532368],[-74.0398432423741,40.0904131277122]]}},{"type":"Feature","id":221083,"properties":{"OBJECTID":221083,"PRIMENAME":"West Street","ELEVTYP_F":0,"ELEVTYP_T":0},"geometry":{"type":"LineString","coordinates":[[-74.0457579375071,40.0799622185323],[-74.0458626868454,40.0799945849036],[-74.0458960375734,40.0800204394281],[-74.0459255602996,40.0800577267434],[-74.0459512902072,40.0801064469902],[-74.0459657747042,40.0801694261575],[-74.0460648934244,40.0809528065753]]}},{"type":"Feature","id":221338,"properties":{"OBJECTID":221338,"PRIMENAME":"Lake Avenue","ELEVTYP_F":0,"ELEVTYP_T":0},"geometry":{"type":"LineString","coordinates":[[-74.0423181465131,40.0806646580823],[-74.0423945778755,40.0804958757054],[-74.0424776372977,40.0803246218294],[-74.0425078472801,40.0802589635544],[-74.0425269449721,40.0801875509965],[-74.0425386867887,40.080104660682],[-74.0425503719434,40.0800246262378],[-74.0425620753025,40.0799474740799],[-74.0425813258714,40.0798531935242],[-74.042638870153,40.0795960477743],[-74.0428735826538,40.0787598306424],[-74.042921100033,40.0785905356516]]}},{"type":"Feature","id":221651,"properties":{"OBJECTID":221651,"PRIMENAME":"1st Avenue","ELEVTYP_F":0,"ELEVTYP_T":0},"geometry":{"type":"LineString","coordinates":[[-74.0350509023267,40.1060014191935],[-74.0350594809974,40.1059534136063]]}},{"type":"Feature","id":222298,"properties":{"OBJECTID":222298,"PRIMENAME":"Broadway","ELEVTYP_F":0,"ELEVTYP_T":0},"geometry":{"type":"LineString","coordinates":[[-74.038334143459,40.1006362824686],[-74.0385013750589,40.1006369488896],[-74.0404465272843,40.1006169819141]]}},{"type":"Feature","id":222940,"properties":{"OBJECTID":222940,"PRIMENAME":"Washington Avenue","ELEVTYP_F":0,"ELEVTYP_T":0},"geometry":{"type":"LineString","coordinates":[[-74.0396996872479,40.0852988349338],[-74.0411532535995,40.0851870199689]]}},{"type":"Feature","id":223068,"properties":{"OBJECTID":223068,"PRIMENAME":"Carter Avenue","ELEVTYP_F":0,"ELEVTYP_T":0},"geometry":{"type":"LineString","coordinates":[[-74.048444907954,40.0823372920361],[-74.047486635857,40.0820642375498],[-74.0474300763337,40.0820512952174],[-74.0473836118062,40.0820471452304],[-74.0473482876923,40.0820509756585],[-74.0473111754351,40.0820647184146],[-74.047258478218,40.0820916278195],[-74.0471530499566,40.0821537192851]]}},{"type":"Feature","id":223414,"properties":{"OBJECTID":223414,"PRIMENAME":"Trenton Avenue","ELEVTYP_F":0,"ELEVTYP_T":0},"geometry":{"type":"LineString","coordinates":[[-74.0382316092295,40.0905408227208],[-74.037379394607,40.0906033745232]]}},{"type":"Feature","id":224699,"properties":{"OBJECTID":224699,"PRIMENAME":"Baltimore Avenue","ELEVTYP_F":0,"ELEVTYP_T":0},"geometry":{"type":"LineString","coordinates":[[-74.0416057897775,40.0885737287002],[-74.041620900525,40.0886870594398],[-74.0417184240328,40.0894200045516]]}},{"type":"Feature","id":224891,"properties":{"OBJECTID":224891,"PRIMENAME":"Easton Road","ELEVTYP_F":0,"ELEVTYP_T":0},"geometry":{"type":"LineString","coordinates":[[-74.0363040761401,40.0992251171094],[-74.0351694220692,40.0992231344302]]}},{"type":"Feature","id":225260,"properties":{"OBJECTID":225260,"PRIMENAME":"Baltimore Avenue","ELEVTYP_F":0,"ELEVTYP_T":0},"geometry":{"type":"LineString","coordinates":[[-74.042022915464,40.0912024497405],[-74.0419752642095,40.0912831379768],[-74.0419691466555,40.0913318708901],[-74.0419774761313,40.0913851076392],[-74.0420242726779,40.091719946174]]}},{"type":"Feature","id":225596,"properties":{"OBJECTID":225596,"PRIMENAME":"Baltimore Avenue","ELEVTYP_F":0,"ELEVTYP_T":0},"geometry":{"type":"LineString","coordinates":[[-74.0423495007499,40.0961993271217],[-74.0423529493766,40.0965063211761],[-74.0423612531544,40.0968889950662]]}},{"type":"Feature","id":225772,"properties":{"OBJECTID":225772,"PRIMENAME":"South Street","ELEVTYP_F":0,"ELEVTYP_T":0},"geometry":{"type":"LineString","coordinates":[[-74.0576980949654,40.0760304283865],[-74.0585759570721,40.0761310156239]]}},{"type":"Feature","id":225809,"properties":{"OBJECTID":225809,"PRIMENAME":"Parkway","ELEVTYP_F":0,"ELEVTYP_T":0},"geometry":{"type":"LineString","coordinates":[[-74.0373661759462,40.0944997031762],[-74.0375229680811,40.0945457096728],[-74.0382268002038,40.0945387892976],[-74.0387701661529,40.0945334415055],[-74.039282642481,40.0945292887198],[-74.0403218156825,40.0945208598474]]}},{"type":"Feature","id":225831,"properties":{"OBJECTID":225831,"PRIMENAME":"Ocean Road","ELEVTYP_F":0,"ELEVTYP_T":0},"geometry":{"type":"LineString","coordinates":[[-74.0588914912168,40.0831211835654],[-74.0587469827927,40.0830864636337]]}},{"type":"Feature","id":227140,"properties":{"OBJECTID":227140,"PRIMENAME":"Niblick Street","ELEVTYP_F":0,"ELEVTYP_T":0},"geometry":{"type":"LineString","coordinates":[[-74.0464921908575,40.0953493655223],[-74.04689397301,40.0953509378759],[-74.0469327209314,40.0953510894402],[-74.0469763089004,40.0953438202182]]}},{"type":"Feature","id":228462,"properties":{"OBJECTID":228462,"PRIMENAME":"Trenton Avenue","ELEVTYP_F":0,"ELEVTYP_T":0},"geometry":{"type":"LineString","coordinates":[[-74.057515323657,40.0892603438463],[-74.0569259411941,40.0892230333602],[-74.0560012662446,40.0891611280075]]}},{"type":"Feature","id":228468,"properties":{"OBJECTID":228468,"PRIMENAME":"Ashley Avenue","ELEVTYP_F":0,"ELEVTYP_T":0},"geometry":{"type":"LineString","coordinates":[[-74.0566375848804,40.1049563709607],[-74.0563688761679,40.105203984519]]}},{"type":"Feature","id":229587,"properties":{"OBJECTID":229587,"PRIMENAME":"Old Farm Road","ELEVTYP_F":0,"ELEVTYP_T":0},"geometry":{"type":"LineString","coordinates":[[-74.0588848891898,40.0801758272154],[-74.0580561938326,40.0799524672739]]}},{"type":"Feature","id":229876,"properties":{"OBJECTID":229876,"PRIMENAME":"North Manetta Drive","ELEVTYP_F":0,"ELEVTYP_T":0},"geometry":{"type":"LineString","coordinates":[[-74.049676790909,40.0834924850649],[-74.0498811290626,40.0835562286181],[-74.0501487615946,40.0836201365595],[-74.0508921597519,40.08380034034],[-74.0517210621758,40.0840065399945],[-74.0518214123233,40.0840298518032],[-74.0519255714383,40.0840445307116],[-74.0520111497704,40.0840477439135],[-74.052078199447,40.0840422657838],[-74.0521640554515,40.0840140187647],[-74.0522293776823,40.0839885204864],[-74.0522817112118,40.0839544054867],[-74.0523359792262,40.083903140651],[-74.0523715394466,40.0838544119058]]}},{"type":"Feature","id":229892,"properties":{"OBJECTID":229892,"PRIMENAME":"Ocean Avenue","ELEVTYP_F":0,"ELEVTYP_T":0},"geometry":{"type":"LineString","coordinates":[[-74.0427535347696,40.0779587263854],[-74.0426472286947,40.0780582629501],[-74.0425660662606,40.0781119156221],[-74.0425059892616,40.0781656515091],[-74.0424457497399,40.0782436549939],[-74.0423910462636,40.0783327444271]]}},{"type":"Feature","id":230472,"properties":{"OBJECTID":230472,"PRIMENAME":"Philadelphia Avenue","ELEVTYP_F":0,"ELEVTYP_T":0},"geometry":{"type":"LineString","coordinates":[[-74.048883189925,40.0854340961288],[-74.0474155668729,40.0855484787243]]}},{"type":"Feature","id":230912,"properties":{"OBJECTID":230912,"PRIMENAME":"Whiting Avenue","ELEVTYP_F":0,"ELEVTYP_T":0},"geometry":{"type":"LineString","coordinates":[[-74.0355676375207,40.1060044560632],[-74.0351794196941,40.1059654535306],[-74.0350594809974,40.1059534136063]]}},{"type":"Feature","id":232416,"properties":{"OBJECTID":232416,"PRIMENAME":"Brown Street","ELEVTYP_F":0,"ELEVTYP_T":0},"geometry":{"type":"LineString","coordinates":[[-74.0530149413599,40.0801108841739],[-74.0524181208053,40.0815985454328]]}},{"type":"Feature","id":232427,"properties":{"OBJECTID":232427,"PRIMENAME":"Baltimore Avenue","ELEVTYP_F":0,"ELEVTYP_T":0},"geometry":{"type":"LineString","coordinates":[[-74.0423761923024,40.0975779621718],[-74.042381599603,40.0978273674716],[-74.0423893087033,40.0982561326291]]}},{"type":"Feature","id":232649,"properties":{"OBJECTID":232649,"PRIMENAME":"Arnold Avenue","ELEVTYP_F":0,"ELEVTYP_T":0},"geometry":{"type":"LineString","coordinates":[[-74.0421097157158,40.0923421524321],[-74.0401140178784,40.0924981684596]]}},{"type":"Feature","id":232727,"properties":{"OBJECTID":232727,"PRIMENAME":"Arnold Avenue","ELEVTYP_F":0,"ELEVTYP_T":0},"geometry":{"type":"LineString","coordinates":[[-74.0562403295764,40.0912398887436],[-74.0560631009011,40.0912520580183],[-74.0558618945547,40.0912741823],[-74.0556272333744,40.0912904404933],[-74.0553589899513,40.0913094245003],[-74.0544835541916,40.0913775486588],[-74.0536767509097,40.0914396438385]]}},{"type":"Feature","id":232842,"properties":{"OBJECTID":232842,"PRIMENAME":"Arnold Avenue","ELEVTYP_F":0,"ELEVTYP_T":0},"geometry":{"type":"LineString","coordinates":[[-74.0440980780115,40.0921858524598],[-74.0428120810363,40.0922872203572],[-74.0421097157158,40.0923421524321]]}},{"type":"Feature","id":233225,"properties":{"OBJECTID":233225,"PRIMENAME":"Juniper Street","ELEVTYP_F":0,"ELEVTYP_T":0},"geometry":{"type":"LineString","coordinates":[[-74.0594706563644,40.0762533759629],[-74.0590409779703,40.0783337095173]]}},{"type":"Feature","id":233273,"properties":{"OBJECTID":233273,"PRIMENAME":"Ocean Avenue","ELEVTYP_F":0,"ELEVTYP_T":0},"geometry":{"type":"LineString","coordinates":[[-74.0375748152919,40.0936720569201],[-74.0375382817494,40.0938307271158],[-74.0373877225499,40.0944163321627],[-74.0373661759462,40.0944997031762]]}},{"type":"Feature","id":233630,"properties":{"OBJECTID":233630,"PRIMENAME":"Woods End Road","ELEVTYP_F":0,"ELEVTYP_T":0},"geometry":{"type":"LineString","coordinates":[[-74.0559150149574,40.0804160204396],[-74.0558160157275,40.0806635836284]]}},{"type":"Feature","id":233690,"properties":{"OBJECTID":233690,"PRIMENAME":"Marcia Avenue","ELEVTYP_F":0,"ELEVTYP_T":0},"geometry":{"type":"LineString","coordinates":[[-74.0497263185877,40.0843347203681],[-74.0496983796281,40.0843276935491],[-74.0496463270931,40.0843189256135],[-74.0495793335892,40.0843158099494],[-74.0495123024541,40.0843184044888],[-74.0487412052739,40.0843868911752]]}},{"type":"Feature","id":233838,"properties":{"OBJECTID":233838,"PRIMENAME":"Bay Avenue","ELEVTYP_F":0,"ELEVTYP_T":0},"geometry":{"type":"LineString","coordinates":[[-74.0550871771132,40.0750591840796],[-74.0551471467027,40.0756132004962],[-74.0551518374608,40.0756555781312]]}},{"type":"Feature","id":234203,"properties":{"OBJECTID":234203,"PRIMENAME":"River Vista Lane","ELEVTYP_F":0,"ELEVTYP_T":0},"geometry":{"type":"LineString","coordinates":[[-74.051589103305,40.0988768352081],[-74.052509881613,40.09882199538],[-74.0525989572067,40.0988063963583],[-74.0526761571372,40.0987930292515],[-74.0527652326563,40.0987774301015],[-74.0528247107441,40.098752605243],[-74.0529021008288,40.0987096312367],[-74.0529586437415,40.0986802392891],[-74.0530122503463,40.0986462829945],[-74.0530690613573,40.0985758980202]]}},{"type":"Feature","id":234995,"properties":{"OBJECTID":234995,"PRIMENAME":"Chicago Avenue","ELEVTYP_F":0,"ELEVTYP_T":0},"geometry":{"type":"LineString","coordinates":[[-74.0431488972822,40.085033455868],[-74.0432576784505,40.0858807045237]]}},{"type":"Feature","id":235184,"properties":{"OBJECTID":235184,"PRIMENAME":"Saint Louis Avenue","ELEVTYP_F":0,"ELEVTYP_T":0},"geometry":{"type":"LineString","coordinates":[[-74.0452539443301,40.0857272705788],[-74.0452908635613,40.0860014528041],[-74.045365558187,40.0865717830101]]}},{"type":"Feature","id":235916,"properties":{"OBJECTID":235916,"PRIMENAME":"Harvard Avenue","ELEVTYP_F":0,"ELEVTYP_T":0},"geometry":{"type":"LineString","coordinates":[[-74.0418487087712,40.0989467341808],[-74.0404171814668,40.0989639163343]]}},{"type":"Feature","id":236290,"properties":{"OBJECTID":236290,"PRIMENAME":"Princeton Avenue","ELEVTYP_F":0,"ELEVTYP_T":0},"geometry":{"type":"LineString","coordinates":[[-74.0423761923024,40.0975779621718],[-74.0443852693317,40.097554475088]]}},{"type":"Feature","id":236511,"properties":{"OBJECTID":236511,"PRIMENAME":"Cornell Avenue","ELEVTYP_F":0,"ELEVTYP_T":0},"geometry":{"type":"LineString","coordinates":[[-74.0476390323674,40.0996116867896],[-74.04746349399,40.0982804596932],[-74.0474448404191,40.0982416238199],[-74.0474134718883,40.0982173420505],[-74.0470997716998,40.0980031351465]]}},{"type":"Feature","id":237402,"properties":{"OBJECTID":237402,"PRIMENAME":"Chicago Avenue","ELEVTYP_F":0,"ELEVTYP_T":0},"geometry":{"type":"LineString","coordinates":[[-74.0443620599968,40.0961783526413],[-74.0443703434981,40.0967639329273],[-74.0443722972123,40.0968677127262]]}},{"type":"Feature","id":238162,"properties":{"OBJECTID":238162,"PRIMENAME":"Saint Louis Avenue","ELEVTYP_F":0,"ELEVTYP_T":0},"geometry":{"type":"LineString","coordinates":[[-74.0459816368645,40.091414707567],[-74.0460678724674,40.0920304894745]]}},{"type":"Feature","id":238912,"properties":{"OBJECTID":238912,"PRIMENAME":"Timber Lane","ELEVTYP_F":0,"ELEVTYP_T":0},"geometry":{"type":"LineString","coordinates":[[-74.0354563248504,40.1066269744598],[-74.0355508939026,40.1060956160614],[-74.0355676375207,40.1060044560632]]}},{"type":"Feature","id":239619,"properties":{"OBJECTID":239619,"PRIMENAME":"FR RT 35 NB to CO 635","ELEVTYP_F":0,"ELEVTYP_T":0},"geometry":{"type":"LineString","coordinates":[[-74.0424044651989,40.0773531028068],[-74.0424153704663,40.0775338708541],[-74.0424393250331,40.0776337847818],[-74.0424666368573,40.0777499370473],[-74.0424766009072,40.077841697576],[-74.0424789034298,40.07788623243],[-74.0424827390175,40.0779604574783],[-74.042467973047,40.0780683174956],[-74.0424392140732,40.0781788675529],[-74.0423910462636,40.0783327444271]]}},{"type":"Feature","id":239748,"properties":{"OBJECTID":239748,"PRIMENAME":"Ocean Avenue","ELEVTYP_F":0,"ELEVTYP_T":0},"geometry":{"type":"LineString","coordinates":[[-74.0364244326471,40.0985491151867],[-74.0363786738556,40.0988061320868]]}},{"type":"Feature","id":240787,"properties":{"OBJECTID":240787,"PRIMENAME":"South Street","ELEVTYP_F":0,"ELEVTYP_T":0},"geometry":{"type":"LineString","coordinates":[[-74.0594706563644,40.0762533759629],[-74.0596619732948,40.0762838631452],[-74.0602160220471,40.076380324455],[-74.0602408695323,40.0763842341184]]}},{"type":"Feature","id":240836,"properties":{"OBJECTID":240836,"PRIMENAME":"Burnt Tavern Road","ELEVTYP_F":0,"ELEVTYP_T":0},"geometry":{"type":"LineString","coordinates":[[-74.0582236569012,40.0780513139539],[-74.0581447806059,40.0780187277787],[-74.0580631497752,40.0779755073634],[-74.0579295985221,40.0779035097712],[-74.0577219607839,40.0777768993742],[-74.0573865574995,40.077579217679]]}},{"type":"Feature","id":241599,"properties":{"OBJECTID":241599,"PRIMENAME":"Central Avenue","ELEVTYP_F":0,"ELEVTYP_T":0},"geometry":{"type":"LineString","coordinates":[[-74.0442279034653,40.0931611962943],[-74.0462040016642,40.0930027538895]]}},{"type":"Feature","id":241655,"properties":{"OBJECTID":241655,"PRIMENAME":"Gowdy Avenue","ELEVTYP_F":0,"ELEVTYP_T":0},"geometry":{"type":"LineString","coordinates":[[-74.0532994926358,40.0868918140823],[-74.0533067967757,40.086846105115],[-74.053322113115,40.0867832418413],[-74.053443686429,40.0864091118967],[-74.0535401438121,40.0861041500177]]}},{"type":"Feature","id":241765,"properties":{"OBJECTID":241765,"PRIMENAME":"Osborne Avenue","ELEVTYP_F":0,"ELEVTYP_T":0},"geometry":{"type":"LineString","coordinates":[[-74.0423856354109,40.0756280900708],[-74.0416057430955,40.075364366785],[-74.0415785465677,40.0753485276569],[-74.0415514026931,40.0753248382869]]}},{"type":"Feature","id":243032,"properties":{"OBJECTID":243032,"PRIMENAME":"Chicago Avenue","ELEVTYP_F":0,"ELEVTYP_T":0},"geometry":{"type":"LineString","coordinates":[[-74.0433676477363,40.0867270785666],[-74.0434838028874,40.0875734776655]]}},{"type":"Feature","id":243284,"properties":{"OBJECTID":243284,"PRIMENAME":"Homestead Avenue","ELEVTYP_F":0,"ELEVTYP_T":0},"geometry":{"type":"LineString","coordinates":[[-74.0443620599968,40.0961783526413],[-74.0423495007499,40.0961993271217]]}},{"type":"Feature","id":243576,"properties":{"OBJECTID":243576,"PRIMENAME":"East Avenue","ELEVTYP_F":0,"ELEVTYP_T":0},"geometry":{"type":"LineString","coordinates":[[-74.0446082392103,40.0809312210608],[-74.0446115720345,40.0809028155092],[-74.0446304217259,40.0807421303848],[-74.0451894239072,40.0796411300427],[-74.0452214231894,40.0795431287886],[-74.0452144218484,40.0794811291317],[-74.0451814248678,40.0794411313177],[-74.0451014229737,40.0794041310718],[-74.0442004227574,40.0790941296585],[-74.0439124232263,40.078995128653]]}},{"type":"Feature","id":243839,"properties":{"OBJECTID":243839,"PRIMENAME":"Birch Place","ELEVTYP_F":0,"ELEVTYP_T":0},"geometry":{"type":"LineString","coordinates":[[-74.0459453655941,40.0757832464034],[-74.045931675004,40.0759733489393],[-74.0458521975593,40.0767963854952]]}},{"type":"Feature","id":244303,"properties":{"OBJECTID":244303,"PRIMENAME":"Burnt Tavern Road","ELEVTYP_F":0,"ELEVTYP_T":0},"geometry":{"type":"LineString","coordinates":[[-74.0573865574995,40.077579217679],[-74.0572695069505,40.0775092044464],[-74.0572101735356,40.077477516454],[-74.0571322234512,40.0774400468664],[-74.0570319549233,40.0774053470856],[-74.0569308151104,40.0773730352268],[-74.0568870537931,40.077359055713],[-74.0566624416191,40.0772990622209]]}},{"type":"Feature","id":245358,"properties":{"OBJECTID":245358,"PRIMENAME":"Chicago Avenue","ELEVTYP_F":0,"ELEVTYP_T":0},"geometry":{"type":"LineString","coordinates":[[-74.0440177889771,40.091570641961],[-74.0440980780115,40.0921858524598]]}},{"type":"Feature","id":245605,"properties":{"OBJECTID":245605,"PRIMENAME":"Woodland Road","ELEVTYP_F":0,"ELEVTYP_T":0},"geometry":{"type":"LineString","coordinates":[[-74.0539818269731,40.0938278400963],[-74.0540181235727,40.0936777013879]]}},{"type":"Feature","id":246051,"properties":{"OBJECTID":246051,"PRIMENAME":"Gardens Avenue","ELEVTYP_F":0,"ELEVTYP_T":0},"geometry":{"type":"LineString","coordinates":[[-74.0567477242535,40.0808850209828],[-74.0567468969474,40.0808802414429],[-74.056736100527,40.0808201599445],[-74.0567401504911,40.0807744112357],[-74.0567704941251,40.080685880242],[-74.0571493876801,40.0798381478642],[-74.0571551756849,40.0797722005295],[-74.0571438446667,40.0797118972446]]}},{"type":"Feature","id":247260,"properties":{"OBJECTID":247260,"PRIMENAME":"Boston Avenue","ELEVTYP_F":0,"ELEVTYP_T":0},"geometry":{"type":"LineString","coordinates":[[-74.0404512103744,40.1015097746336],[-74.0404455009936,40.1016410049325],[-74.0404109437906,40.1018570062296]]}},{"type":"Feature","id":247420,"properties":{"OBJECTID":247420,"PRIMENAME":"Saint Louis Avenue","ELEVTYP_F":0,"ELEVTYP_T":0},"geometry":{"type":"LineString","coordinates":[[-74.0464005033323,40.0944283666355],[-74.0464244679033,40.0946092389764],[-74.0464700039933,40.0950407336348],[-74.0464921908575,40.0953493655223]]}},{"type":"Feature","id":247834,"properties":{"OBJECTID":247834,"PRIMENAME":"Arnold Avenue","ELEVTYP_F":0,"ELEVTYP_T":0},"geometry":{"type":"LineString","coordinates":[[-74.0583365343836,40.0903239241409],[-74.0581437941831,40.0908534054095],[-74.0581286491983,40.090890491249],[-74.058098615741,40.0909304313239],[-74.0580648113785,40.0909731833735],[-74.05801985455,40.0910159216826],[-74.0579637456019,40.091058589496],[-74.0579425546661,40.0910736312357]]}},{"type":"Feature","id":247922,"properties":{"OBJECTID":247922,"PRIMENAME":"Riverside Drive","ELEVTYP_F":0,"ELEVTYP_T":0},"geometry":{"type":"LineString","coordinates":[[-74.0349343646031,40.1036671714512],[-74.0354181851133,40.1039296967591]]}},{"type":"Feature","id":247998,"properties":{"OBJECTID":247998,"PRIMENAME":"Lincoln Avenue","ELEVTYP_F":0,"ELEVTYP_T":0},"geometry":{"type":"LineString","coordinates":[[-74.0554287121858,40.0940477018367],[-74.0556401813488,40.093542524958]]}},{"type":"Feature","id":248633,"properties":{"OBJECTID":248633,"PRIMENAME":"Ashley Avenue","ELEVTYP_F":0,"ELEVTYP_T":0},"geometry":{"type":"LineString","coordinates":[[-74.0556684559019,40.1058588279085],[-74.0552387054942,40.1062664758763],[-74.0551570901326,40.1063476432726]]}},{"type":"Feature","id":249530,"properties":{"OBJECTID":249530,"PRIMENAME":"Beacon Lane","ELEVTYP_F":0,"ELEVTYP_T":0},"geometry":{"type":"LineString","coordinates":[[-74.0419999676401,40.077132647594],[-74.0419730090718,40.0772999231177],[-74.0419309633992,40.0774627462944],[-74.0418505100487,40.077799882705],[-74.0418238448329,40.0778912786496],[-74.0417973134963,40.077962689639],[-74.0417600716343,40.0780498077727],[-74.0417594820112,40.0780511862027],[-74.0417030094858,40.0781481745979],[-74.0414693852052,40.0785647852417]]}},{"type":"Feature","id":249632,"properties":{"OBJECTID":249632,"PRIMENAME":"New Jersey Avenue","ELEVTYP_F":0,"ELEVTYP_T":0},"geometry":{"type":"LineString","coordinates":[[-74.0476374741135,40.0872457301019],[-74.0471764012166,40.0872829123826],[-74.0454762772245,40.0874170608953]]}},{"type":"Feature","id":249642,"properties":{"OBJECTID":249642,"PRIMENAME":"Yale Avenue","ELEVTYP_F":0,"ELEVTYP_T":0},"geometry":{"type":"LineString","coordinates":[[-74.0454847764652,40.0982242857148],[-74.0443982188352,40.0982392062229]]}},{"type":"Feature","id":249845,"properties":{"OBJECTID":249845,"PRIMENAME":"Parkway","ELEVTYP_F":0,"ELEVTYP_T":0},"geometry":{"type":"LineString","coordinates":[[-74.0373661759462,40.0944997031762],[-74.0372284221118,40.0944820226823],[-74.0370426987978,40.0944483639132]]}},{"type":"Feature","id":251208,"properties":{"OBJECTID":251208,"PRIMENAME":"Ocean Avenue","ELEVTYP_F":0,"ELEVTYP_T":0},"geometry":{"type":"LineString","coordinates":[[-74.0392082722335,40.0870543486414],[-74.0389621147264,40.0879285476789]]}},{"type":"Feature","id":251452,"properties":{"OBJECTID":251452,"PRIMENAME":"Trenton Avenue","ELEVTYP_F":0,"ELEVTYP_T":0},"geometry":{"type":"LineString","coordinates":[[-74.0494420316384,40.0896537040662],[-74.047969291919,40.0897660695086]]}},{"type":"Feature","id":252033,"properties":{"OBJECTID":252033,"PRIMENAME":"Chicago Avenue","ELEVTYP_F":0,"ELEVTYP_T":0},"geometry":{"type":"LineString","coordinates":[[-74.0435998247275,40.0884188321028],[-74.0436136302837,40.0885193099861],[-74.0437133365188,40.0892659066464]]}},{"type":"Feature","id":252776,"properties":{"OBJECTID":252776,"PRIMENAME":"Randall Avenue","ELEVTYP_F":0,"ELEVTYP_T":0},"geometry":{"type":"LineString","coordinates":[[-74.0378722973692,40.0962448851274],[-74.0379739107096,40.0958237584973]]}},{"type":"Feature","id":252896,"properties":{"OBJECTID":252896,"PRIMENAME":"Homestead Avenue","ELEVTYP_F":0,"ELEVTYP_T":0},"geometry":{"type":"LineString","coordinates":[[-74.0378722973692,40.0962448851274],[-74.0369249025521,40.096253812943]]}},{"type":"Feature","id":253401,"properties":{"OBJECTID":253401,"PRIMENAME":"Chicago Avenue","ELEVTYP_F":0,"ELEVTYP_T":0},"geometry":{"type":"LineString","coordinates":[[-74.044336913631,40.0944817079366],[-74.0443425194588,40.0947934868843],[-74.04435072751,40.0953743446944]]}},{"type":"Feature","id":253534,"properties":{"OBJECTID":253534,"PRIMENAME":"Washington Avenue","ELEVTYP_F":0,"ELEVTYP_T":0},"geometry":{"type":"LineString","coordinates":[[-74.0396996872479,40.0852988349338],[-74.0388651010764,40.0853659884533]]}},{"type":"Feature","id":253936,"properties":{"OBJECTID":253936,"PRIMENAME":"Delaware Avenue","ELEVTYP_F":0,"ELEVTYP_T":0},"geometry":{"type":"LineString","coordinates":[[-74.0538295427233,40.0803886115073],[-74.0530149413599,40.0801108841739]]}},{"type":"Feature","id":254729,"properties":{"OBJECTID":254729,"PRIMENAME":"Delaware Avenue","ELEVTYP_F":0,"ELEVTYP_T":0},"geometry":{"type":"LineString","coordinates":[[-74.041459177772,40.0762026186658],[-74.0420832115069,40.0764052751126],[-74.0422259517461,40.0764520430113]]}},{"type":"Feature","id":255203,"properties":{"OBJECTID":255203,"PRIMENAME":"Channel Drive","ELEVTYP_F":0,"ELEVTYP_T":0},"geometry":{"type":"LineString","coordinates":[[-74.0404512103744,40.1015097746336],[-74.0403279541949,40.1015136502918],[-74.0402683962305,40.101513413918],[-74.0401790796785,40.1015102041956],[-74.0393565308603,40.1014383033691],[-74.0392969377839,40.1014380663562],[-74.0392917958225,40.1014387619522],[-74.0392559300527,40.1014436136131],[-74.0392037695764,40.1014491164877],[-74.0391255320073,40.1014516874183],[-74.039078074629,40.1014490487043],[-74.0390697115266,40.1014485830935],[-74.0390027983024,40.1014311586679],[-74.0389323215062,40.1013908515168],[-74.0388211279565,40.1013131837451],[-74.0384135692169,40.1010027400576],[-74.0383840223714,40.100968306043],[-74.0383730425646,40.1009425115754],[-74.0383696144218,40.1008996160917],[-74.038334143459,40.1006362824686]]}},{"type":"Feature","id":255262,"properties":{"OBJECTID":255262,"PRIMENAME":"Niblick Street","ELEVTYP_F":0,"ELEVTYP_T":0},"geometry":{"type":"LineString","coordinates":[[-74.0386829031866,40.095415826346],[-74.0395253838938,40.0954073957207],[-74.0403332735714,40.095399925949]]}},{"type":"Feature","id":256082,"properties":{"OBJECTID":256082,"PRIMENAME":"McLean Avenue","ELEVTYP_F":0,"ELEVTYP_T":0},"geometry":{"type":"LineString","coordinates":[[-74.0499642359474,40.093579004727],[-74.0508341532758,40.0936320714429],[-74.0510519752701,40.0936448022932]]}},{"type":"Feature","id":257011,"properties":{"OBJECTID":257011,"PRIMENAME":"New Jersey Avenue","ELEVTYP_F":0,"ELEVTYP_T":0},"geometry":{"type":"LineString","coordinates":[[-74.0491088036009,40.087127624946],[-74.0488340879464,40.0871492320323],[-74.0476374741135,40.0872457301019]]}},{"type":"Feature","id":257166,"properties":{"OBJECTID":257166,"PRIMENAME":"Bay Avenue","ELEVTYP_F":0,"ELEVTYP_T":0},"geometry":{"type":"LineString","coordinates":[[-74.0518627456189,40.0886276170714],[-74.0518057527067,40.0892081399489],[-74.0517766361212,40.0894729224476]]}},{"type":"Feature","id":257256,"properties":{"OBJECTID":257256,"PRIMENAME":"Ocean Avenue","ELEVTYP_F":0,"ELEVTYP_T":0},"geometry":{"type":"LineString","coordinates":[[-74.0367139715705,40.0970840991992],[-74.036647767969,40.097337650608],[-74.0366381153148,40.0973798894775]]}},{"type":"Feature","id":258611,"properties":{"OBJECTID":258611,"PRIMENAME":"Sanborn Avenue","ELEVTYP_F":0,"ELEVTYP_T":0},"geometry":{"type":"LineString","coordinates":[[-74.0384408950162,40.0997415450445],[-74.0404306334984,40.0997221684652]]}},{"type":"Feature","id":258782,"properties":{"OBJECTID":258782,"PRIMENAME":"Ashley Avenue","ELEVTYP_F":0,"ELEVTYP_T":0},"geometry":{"type":"LineString","coordinates":[[-74.054782731313,40.1067198412574],[-74.0547070170613,40.1067951125852],[-74.0545210411982,40.1069800041896],[-74.0544889783934,40.1070118823398],[-74.0544751270348,40.1070251160218],[-74.0544489347632,40.1070501985276],[-74.0544276728501,40.1070705605699]]}},{"type":"Feature","id":259146,"properties":{"OBJECTID":259146,"PRIMENAME":"Woodland Road","ELEVTYP_F":0,"ELEVTYP_T":0},"geometry":{"type":"LineString","coordinates":[[-74.0539842256734,40.0924254069214],[-74.0539416127703,40.0922619790743],[-74.0538598006165,40.0919594875525]]}},{"type":"Feature","id":260926,"properties":{"OBJECTID":260926,"PRIMENAME":"Riverview Drive","ELEVTYP_F":0,"ELEVTYP_T":0},"geometry":{"type":"LineString","coordinates":[[-74.0591687552861,40.1061106602776],[-74.058890435704,40.1064353582526],[-74.0588804247748,40.1064465481152]]}},{"type":"Feature","id":261066,"properties":{"OBJECTID":261066,"PRIMENAME":"Lincoln Avenue","ELEVTYP_F":0,"ELEVTYP_T":0},"geometry":{"type":"LineString","coordinates":[[-74.0551034031062,40.0948248577019],[-74.0554287121858,40.0940477018367]]}},{"type":"Feature","id":261676,"properties":{"OBJECTID":261676,"PRIMENAME":"East Street","ELEVTYP_F":0,"ELEVTYP_T":0},"geometry":{"type":"LineString","coordinates":[[-74.0455668423492,40.0808170199542],[-74.0452641581735,40.0814686685793]]}},{"type":"Feature","id":263067,"properties":{"OBJECTID":263067,"PRIMENAME":"FR RT 88 EB to RT 35 NB","ELEVTYP_F":0,"ELEVTYP_T":0},"geometry":{"type":"LineString","coordinates":[[-74.0483337517817,40.0807431750187],[-74.0482800924673,40.080744593834],[-74.0482264401567,40.0807461611852]]}},{"type":"Feature","id":263721,"properties":{"OBJECTID":263721,"PRIMENAME":"Delaware Avenue","ELEVTYP_F":0,"ELEVTYP_T":0},"geometry":{"type":"LineString","coordinates":[[-74.0490634587594,40.0787669739665],[-74.0482188949734,40.0784809702029]]}},{"type":"Feature","id":263771,"properties":{"OBJECTID":263771,"PRIMENAME":"Seymour Avenue","ELEVTYP_F":0,"ELEVTYP_T":0},"geometry":{"type":"LineString","coordinates":[[-74.0423612531544,40.0968889950662],[-74.0443722972123,40.0968677127262]]}},{"type":"Feature","id":263807,"properties":{"OBJECTID":263807,"PRIMENAME":"Randall Avenue","ELEVTYP_F":0,"ELEVTYP_T":0},"geometry":{"type":"LineString","coordinates":[[-74.0379739107096,40.0958237584973],[-74.0381474220427,40.0956581335145],[-74.0382614206697,40.0955681334828],[-74.0383594219841,40.0955111330195],[-74.0384624216975,40.0954671331363],[-74.0386829031866,40.095415826346]]}},{"type":"Feature","id":265285,"properties":{"OBJECTID":265285,"PRIMENAME":"East Street","ELEVTYP_F":0,"ELEVTYP_T":0},"geometry":{"type":"LineString","coordinates":[[-74.0459920044811,40.0795832662129],[-74.0457886443113,40.0799342265114],[-74.0457579375071,40.0799622185323]]}},{"type":"Feature","id":266390,"properties":{"OBJECTID":266390,"PRIMENAME":"Baltimore Avenue","ELEVTYP_F":0,"ELEVTYP_T":0},"geometry":{"type":"LineString","coordinates":[[-74.0423893087033,40.0982561326291],[-74.042392482587,40.0984329388789]]}},{"type":"Feature","id":266880,"properties":{"OBJECTID":266880,"PRIMENAME":"Charleston Street","ELEVTYP_F":0,"ELEVTYP_T":0},"geometry":{"type":"LineString","coordinates":[[-74.0473468835521,40.0800203243634],[-74.0478472066974,40.0791370782005]]}},{"type":"Feature","id":266885,"properties":{"OBJECTID":266885,"PRIMENAME":"Elizabeth Avenue","ELEVTYP_F":0,"ELEVTYP_T":0},"geometry":{"type":"LineString","coordinates":[[-74.0408890828894,40.0810483716995],[-74.0420053790025,40.0813551042871]]}},{"type":"Feature","id":267573,"properties":{"OBJECTID":267573,"PRIMENAME":"Delaware Avenue","ELEVTYP_F":0,"ELEVTYP_T":0},"geometry":{"type":"LineString","coordinates":[[-74.0498956206583,40.0790487495726],[-74.0490634587594,40.0787669739665]]}},{"type":"Feature","id":268096,"properties":{"OBJECTID":268096,"PRIMENAME":"Baltimore Avenue","ELEVTYP_F":0,"ELEVTYP_T":0},"geometry":{"type":"LineString","coordinates":[[-74.0423612531544,40.0968889950662],[-74.0423761923024,40.0975779621718]]}},{"type":"Feature","id":268799,"properties":{"OBJECTID":268799,"PRIMENAME":"Central Avenue","ELEVTYP_F":0,"ELEVTYP_T":0},"geometry":{"type":"LineString","coordinates":[[-74.0422378465103,40.0933154048256],[-74.0437697578248,40.0931979089677],[-74.0442279034653,40.0931611962943]]}},{"type":"Feature","id":268917,"properties":{"OBJECTID":268917,"PRIMENAME":"Fleming Avenue","ELEVTYP_F":0,"ELEVTYP_T":0},"geometry":{"type":"LineString","coordinates":[[-74.0584005094118,40.0812951418036],[-74.0585260910343,40.0809751602401],[-74.0588848891898,40.0801758272154]]}},{"type":"Feature","id":268938,"properties":{"OBJECTID":268938,"PRIMENAME":"Unnamed Segment","ELEVTYP_F":0,"ELEVTYP_T":0},"geometry":{"type":"LineString","coordinates":[[-74.0559825391693,40.1070191000866],[-74.055991490955,40.106884944379],[-74.0560139256995,40.1067503179521],[-74.056041578061,40.1066488478602],[-74.0560801668509,40.1065535686789],[-74.0561146381222,40.1065086780551],[-74.0561727082578,40.1064524571153],[-74.0562622235546,40.106365718785],[-74.0563402928409,40.106290878776]]}},{"type":"Feature","id":269770,"properties":{"OBJECTID":269770,"PRIMENAME":"Curtis Avenue","ELEVTYP_F":0,"ELEVTYP_T":0},"geometry":{"type":"LineString","coordinates":[[-74.051950380637,40.097745458758],[-74.0517714971632,40.098305652531],[-74.051589103305,40.0988768352081]]}},{"type":"Feature","id":270477,"properties":{"OBJECTID":270477,"PRIMENAME":"Briarcliff Avenue","ELEVTYP_F":0,"ELEVTYP_T":0},"geometry":{"type":"LineString","coordinates":[[-74.0549863974649,40.0856348440519],[-74.05499983826,40.0856378742744],[-74.0556587294334,40.0857870857503]]}},{"type":"Feature","id":271007,"properties":{"OBJECTID":271007,"PRIMENAME":"Dallas Street","ELEVTYP_F":0,"ELEVTYP_T":0},"geometry":{"type":"LineString","coordinates":[[-74.0498467622087,40.0808621984969],[-74.0507180876102,40.0793277371867]]}},{"type":"Feature","id":272534,"properties":{"OBJECTID":272534,"PRIMENAME":"Baltimore Avenue","ELEVTYP_F":0,"ELEVTYP_T":0},"geometry":{"type":"LineString","coordinates":[[-74.0423404035707,40.0953855535601],[-74.0423448457818,40.0957842454549]]}},{"type":"Feature","id":272732,"properties":{"OBJECTID":272732,"PRIMENAME":"Borden Avenue","ELEVTYP_F":0,"ELEVTYP_T":0},"geometry":{"type":"LineString","coordinates":[[-74.0571671102431,40.0842849976256],[-74.0569117672867,40.0851962621836]]}},{"type":"Feature","id":274056,"properties":{"OBJECTID":274056,"PRIMENAME":"Parkway","ELEVTYP_F":0,"ELEVTYP_T":0},"geometry":{"type":"LineString","coordinates":[[-74.0423305130259,40.0945032549222],[-74.0429161429045,40.0944980726742],[-74.043256776588,40.0944941499891],[-74.044336913631,40.0944817079366]]}},{"type":"Feature","id":274734,"properties":{"OBJECTID":274734,"PRIMENAME":"Briarcliff Avenue","ELEVTYP_F":0,"ELEVTYP_T":0},"geometry":{"type":"LineString","coordinates":[[-74.0547904856397,40.0855906743042],[-74.0549863974649,40.0856348440519]]}},{"type":"Feature","id":275613,"properties":{"OBJECTID":275613,"PRIMENAME":"Limroth Drive","ELEVTYP_F":0,"ELEVTYP_T":0},"geometry":{"type":"LineString","coordinates":[[-74.0369696167071,40.0960776807087],[-74.0362384210263,40.0960751328987]]}},{"type":"Feature","id":275790,"properties":{"OBJECTID":275790,"PRIMENAME":"Trenton Avenue","ELEVTYP_F":0,"ELEVTYP_T":0},"geometry":{"type":"LineString","coordinates":[[-74.0457985875872,40.0899414599509],[-74.0455565811573,40.08996079885],[-74.0438242805634,40.0900962792392]]}},{"type":"Feature","id":275828,"properties":{"OBJECTID":275828,"PRIMENAME":"Harborhead Drive","ELEVTYP_F":0,"ELEVTYP_T":0},"geometry":{"type":"LineString","coordinates":[[-74.0358463892429,40.1018448034642],[-74.0356730513698,40.1018171601067],[-74.0355737580579,40.101799447174],[-74.0354766252747,40.1017756982959],[-74.0353822748305,40.1017460636849],[-74.0352913106638,40.1017107340149],[-74.0344172725246,40.1012473204287]]}},{"type":"Feature","id":276125,"properties":{"OBJECTID":276125,"PRIMENAME":"Central Avenue","ELEVTYP_F":0,"ELEVTYP_T":0},"geometry":{"type":"LineString","coordinates":[[-74.0375748152919,40.0936720569201],[-74.038744114335,40.093589802379],[-74.0402422333736,40.093470682056]]}},{"type":"Feature","id":276522,"properties":{"OBJECTID":276522,"PRIMENAME":"Broadway","ELEVTYP_F":0,"ELEVTYP_T":0},"geometry":{"type":"LineString","coordinates":[[-74.0424300670031,40.1005982057412],[-74.0440649534441,40.1005828000886],[-74.04443259025,40.1005790298252]]}},{"type":"Feature","id":276646,"properties":{"OBJECTID":276646,"PRIMENAME":"South Street","ELEVTYP_F":0,"ELEVTYP_T":0},"geometry":{"type":"LineString","coordinates":[[-74.0585759570721,40.0761310156239],[-74.0593309978592,40.0762311290752],[-74.0594706563644,40.0762533759629]]}},{"type":"Feature","id":277647,"properties":{"OBJECTID":277647,"PRIMENAME":"Baltimore Avenue","ELEVTYP_F":0,"ELEVTYP_T":0},"geometry":{"type":"LineString","coordinates":[[-74.042328496748,40.0944147099839],[-74.0423294955108,40.0944578434931],[-74.0423305130259,40.0945032549222]]}},{"type":"Feature","id":278026,"properties":{"OBJECTID":278026,"PRIMENAME":"Carter Avenue","ELEVTYP_F":0,"ELEVTYP_T":0},"geometry":{"type":"LineString","coordinates":[[-74.0446583999732,40.0813039302777],[-74.0440454033725,40.0811372121206],[-74.0423181465131,40.0806646580823]]}},{"type":"Feature","id":278078,"properties":{"OBJECTID":278078,"PRIMENAME":"Niblick Street","ELEVTYP_F":0,"ELEVTYP_T":0},"geometry":{"type":"LineString","coordinates":[[-74.0380708605174,40.0954219473641],[-74.0386829031866,40.095415826346]]}},{"type":"Feature","id":278167,"properties":{"OBJECTID":278167,"PRIMENAME":"Central Avenue","ELEVTYP_F":0,"ELEVTYP_T":0},"geometry":{"type":"LineString","coordinates":[[-74.0367436515947,40.0937305051751],[-74.0375748152919,40.0936720569201]]}},{"type":"Feature","id":278844,"properties":{"OBJECTID":278844,"PRIMENAME":"Boardwalk","ELEVTYP_F":0,"ELEVTYP_T":0},"geometry":{"type":"LineString","coordinates":[[-74.0355264216507,40.0966301341331],[-74.0355014206615,40.096718133968],[-74.035480420976,40.0967951344044],[-74.0354664212378,40.0968451341044],[-74.0354574197513,40.0968791323752]]}},{"type":"Feature","id":278976,"properties":{"OBJECTID":278976,"PRIMENAME":"Timber Lane","ELEVTYP_F":0,"ELEVTYP_T":0},"geometry":{"type":"LineString","coordinates":[[-74.0355676375207,40.1060044560632],[-74.0356835616688,40.1053711954488]]}},{"type":"Feature","id":279285,"properties":{"OBJECTID":279285,"PRIMENAME":"Bay Avenue","ELEVTYP_F":0,"ELEVTYP_T":0},"geometry":{"type":"LineString","coordinates":[[-74.051752096368,40.0904404411217],[-74.0517653808915,40.0908237105378],[-74.0517822785019,40.0910811484356],[-74.0518050894398,40.0915816805168]]}},{"type":"Feature","id":280074,"properties":{"OBJECTID":280074,"PRIMENAME":"Borden Avenue","ELEVTYP_F":0,"ELEVTYP_T":0},"geometry":{"type":"LineString","coordinates":[[-74.057215709532,40.0838817695833],[-74.0572136975995,40.0838907832283],[-74.0572093884339,40.0839765586099],[-74.0571974778955,40.0840937381978],[-74.0571818889139,40.0841995099622],[-74.0571671102431,40.0842849976256]]}},{"type":"Feature","id":280126,"properties":{"OBJECTID":280126,"PRIMENAME":"Bay Avenue","ELEVTYP_F":0,"ELEVTYP_T":0},"geometry":{"type":"LineString","coordinates":[[-74.0526932394556,40.0846388668324],[-74.0526730609607,40.0846931997293],[-74.0526389377869,40.0848000233511],[-74.0526046445554,40.0849073723082],[-74.0525359195393,40.0851236602725],[-74.0524031652264,40.0855414477197],[-74.0520912151578,40.0865554316888],[-74.0520569382444,40.086675407311],[-74.0520491852215,40.0867239966776],[-74.0520372673923,40.0868354922707],[-74.0520313573581,40.0868973766686]]}},{"type":"Feature","id":280453,"properties":{"OBJECTID":280453,"PRIMENAME":"Baltimore Avenue","ELEVTYP_F":0,"ELEVTYP_T":0},"geometry":{"type":"LineString","coordinates":[[-74.0423448457818,40.0957842454549],[-74.0423462583583,40.0959102197726],[-74.0423495007499,40.0961993271217]]}},{"type":"Feature","id":280789,"properties":{"OBJECTID":280789,"PRIMENAME":"Laurel Avenue","ELEVTYP_F":0,"ELEVTYP_T":0},"geometry":{"type":"LineString","coordinates":[[-74.0495693492705,40.0906190395318],[-74.051752096368,40.0904404411217]]}},{"type":"Feature","id":281273,"properties":{"OBJECTID":281273,"PRIMENAME":"Osborne Avenue","ELEVTYP_F":0,"ELEVTYP_T":0},"geometry":{"type":"LineString","coordinates":[[-74.0435521673545,40.0760203037951],[-74.044189564353,40.0762346151006],[-74.0458521975593,40.0767963854952]]}},{"type":"Feature","id":282067,"properties":{"OBJECTID":282067,"PRIMENAME":"Ocean Avenue","ELEVTYP_F":0,"ELEVTYP_T":0},"geometry":{"type":"LineString","coordinates":[[-74.0358463892429,40.1018448034642],[-74.035811020028,40.1020357483352],[-74.0357886998242,40.1021653347011],[-74.0357765548282,40.1022358532175],[-74.0357845538839,40.1022740168505]]}},{"type":"Feature","id":283536,"properties":{"OBJECTID":283536,"PRIMENAME":"Beach Front","ELEVTYP_F":0,"ELEVTYP_T":0},"geometry":{"type":"LineString","coordinates":[[-74.033895482244,40.1082971711035],[-74.0340251056629,40.1074300966493],[-74.0343251738326,40.1059415090225]]}},{"type":"Feature","id":285094,"properties":{"OBJECTID":285094,"PRIMENAME":"New Jersey Avenue","ELEVTYP_F":0,"ELEVTYP_T":0},"geometry":{"type":"LineString","coordinates":[[-74.0394989037858,40.0878855501194],[-74.0389621147264,40.0879285476789]]}},{"type":"Feature","id":285901,"properties":{"OBJECTID":285901,"PRIMENAME":"Baltimore Avenue","ELEVTYP_F":0,"ELEVTYP_T":0},"geometry":{"type":"LineString","coordinates":[[-74.0424459336777,40.1014850575238],[-74.0424599800932,40.102184589238]]}},{"type":"Feature","id":286862,"properties":{"OBJECTID":286862,"PRIMENAME":"McLean Avenue","ELEVTYP_F":0,"ELEVTYP_T":0},"geometry":{"type":"LineString","coordinates":[[-74.0489209440217,40.0935273974006],[-74.0493827051617,40.0935494827167]]}},{"type":"Feature","id":287409,"properties":{"OBJECTID":287409,"PRIMENAME":"Unnamed Segment","ELEVTYP_F":0,"ELEVTYP_T":0},"geometry":{"type":"LineString","coordinates":[[-74.0437133084838,40.0797214063245],[-74.0436684218971,40.0798851294789]]}},{"type":"Feature","id":287621,"properties":{"OBJECTID":287621,"PRIMENAME":"FR CO 635 to RT 35 NB","ELEVTYP_F":0,"ELEVTYP_T":0},"geometry":{"type":"LineString","coordinates":[[-74.04994044171,40.1001862399515],[-74.0501067237409,40.1002331723705],[-74.0501583301004,40.1002518756718],[-74.0502449566399,40.1002890268581],[-74.0503091240463,40.1003165371717],[-74.0503852639248,40.100360839547],[-74.0503862619176,40.1003613928416],[-74.0504130062414,40.1003770074291],[-74.0504424570795,40.1003998254229],[-74.0504960219427,40.1004414055875],[-74.0505336812667,40.1004716122461],[-74.0506867032114,40.1006052990481]]}},{"type":"Feature","id":287626,"properties":{"OBJECTID":287626,"PRIMENAME":"Ocean Avenue","ELEVTYP_F":0,"ELEVTYP_T":0},"geometry":{"type":"LineString","coordinates":[[-74.0364452658377,40.0984321080001],[-74.0364244326471,40.0985491151867]]}},{"type":"Feature","id":288278,"properties":{"OBJECTID":288278,"PRIMENAME":"Boardwalk","ELEVTYP_F":0,"ELEVTYP_T":0},"geometry":{"type":"LineString","coordinates":[[-74.0380091081454,40.0877006920803],[-74.0376834220598,40.088849131482],[-74.037576421772,40.0892261318273],[-74.0374324229815,40.0897301330694],[-74.0372554200856,40.0903901316246],[-74.0372164203482,40.0905891330051],[-74.0367944208919,40.0927321324286],[-74.0367408650957,40.0930711669652],[-74.0365865376052,40.0937157052577],[-74.0363824212485,40.094364133136],[-74.0363546143419,40.0944544178217],[-74.0363014202674,40.0946271338287],[-74.0360984218029,40.095120133461],[-74.0358594216531,40.0956861334842]]}},{"type":"Feature","id":288332,"properties":{"OBJECTID":288332,"PRIMENAME":"FR RT 35 NB to CO 635","ELEVTYP_F":0,"ELEVTYP_T":0},"geometry":{"type":"LineString","coordinates":[[-74.0499605788518,40.0994358607524],[-74.0499814367182,40.099547346316],[-74.0499855631071,40.0995939505293],[-74.0499902212486,40.0996465409912],[-74.0499856519693,40.099688883582],[-74.0499798972174,40.0997431088706],[-74.0499790970521,40.0997506274224],[-74.0499770546936,40.099756741476],[-74.0499544421063,40.0998247097407],[-74.049952509086,40.0998306053511],[-74.0499500901058,40.099834246448],[-74.0498892802035,40.0999265001919],[-74.0498327131126,40.0999826959653],[-74.0498210534518,40.0999942911646],[-74.0498041403797,40.1000057281388],[-74.0497364518547,40.1000514488492],[-74.04972675596,40.1000579997037],[-74.0497168939155,40.100062710703],[-74.0496417987137,40.1000986300804],[-74.0495855313339,40.1001255067431],[-74.049418288486,40.1001809431345],[-74.0493671668669,40.1001990282599],[-74.0491797136708,40.1002653389635]]}},{"type":"Feature","id":288733,"properties":{"OBJECTID":288733,"PRIMENAME":"Broadway","ELEVTYP_F":0,"ELEVTYP_T":0},"geometry":{"type":"LineString","coordinates":[[-74.0404465272843,40.1006169819141],[-74.0405931110528,40.1006154494745],[-74.0424300670031,40.1005982057412]]}},{"type":"Feature","id":289054,"properties":{"OBJECTID":289054,"PRIMENAME":"FR RT 35 NB to RT 35 SB","ELEVTYP_F":0,"ELEVTYP_T":0},"geometry":{"type":"LineString","coordinates":[[-74.0493023552816,40.0960682115582],[-74.0493255305394,40.0961022003923],[-74.0493534348816,40.0961340244419],[-74.0493857294356,40.0961632972255],[-74.049422022011,40.0961896632449],[-74.0494384000618,40.0961998669197],[-74.0494559618383,40.0962088346262],[-74.0494745497439,40.0962164858891],[-74.0494939969733,40.0962227520471],[-74.0495141290094,40.0962275768684],[-74.0495347651899,40.0962309170555],[-74.049555720328,40.0962327426341],[-74.0495768063748,40.0962330372215],[-74.0497321065735,40.0962263423689],[-74.0498870277351,40.0962156573787],[-74.0499377220349,40.0962112750245],[-74.0499881980464,40.0962055978758],[-74.0500383997131,40.0961986322376],[-74.0500882712831,40.0961903858454],[-74.0501191602058,40.0961786238899],[-74.0501473245392,40.096163351726],[-74.0501720934081,40.0961449331382],[-74.0501928768187,40.0961238068589],[-74.0502243497409,40.0960824513965],[-74.0502509023109,40.0960391078373],[-74.0502723235596,40.0959941205764],[-74.0502884432903,40.0959478470685]]}},{"type":"Feature","id":289362,"properties":{"OBJECTID":289362,"PRIMENAME":"Lake Street","ELEVTYP_F":0,"ELEVTYP_T":0},"geometry":{"type":"LineString","coordinates":[[-74.0367656709812,40.0968809797142],[-74.0354574197513,40.0968791323752]]}},{"type":"Feature","id":289857,"properties":{"OBJECTID":289857,"PRIMENAME":"Forman Avenue","ELEVTYP_F":0,"ELEVTYP_T":0},"geometry":{"type":"LineString","coordinates":[[-74.0384742967463,40.089675177407],[-74.0388880538386,40.0896450893366],[-74.0397278724147,40.0895782312893]]}},{"type":"Feature","id":290826,"properties":{"OBJECTID":290826,"PRIMENAME":"North Manetta Drive","ELEVTYP_F":0,"ELEVTYP_T":0},"geometry":{"type":"LineString","coordinates":[[-74.0486122839892,40.0834511704222],[-74.0487074817344,40.0834447275937]]}},{"type":"Feature","id":291739,"properties":{"OBJECTID":291739,"PRIMENAME":"FR RIVER AVE to RT 35 SB","ELEVTYP_F":0,"ELEVTYP_T":0},"geometry":{"type":"LineString","coordinates":[[-74.050324028036,40.0962005532127],[-74.0500510244708,40.0962877553087]]}},{"type":"Feature","id":291956,"properties":{"OBJECTID":291956,"PRIMENAME":"Boardwalk","ELEVTYP_F":0,"ELEVTYP_T":0},"geometry":{"type":"LineString","coordinates":[[-74.0354018080552,40.0970428439047],[-74.0353049705405,40.0973644529857],[-74.035011085696,40.0983305883019],[-74.0349547485754,40.098555385937],[-74.0348971491724,40.0988041160951],[-74.0347856514273,40.0992442811806],[-74.0346163661532,40.0998957219648],[-74.034501662728,40.1003866699871],[-74.0344681502297,40.1004515434572],[-74.033669149005,40.1013247505294]]}},{"type":"Feature","id":293043,"properties":{"OBJECTID":293043,"PRIMENAME":"Delaware Avenue","ELEVTYP_F":0,"ELEVTYP_T":0},"geometry":{"type":"LineString","coordinates":[[-74.0422259517461,40.0764520430113],[-74.0424100924123,40.0765123991053],[-74.042632887608,40.0765961877416],[-74.043409193729,40.0768537679397],[-74.0437334228916,40.0769581288297]]}},{"type":"Feature","id":295412,"properties":{"OBJECTID":295412,"PRIMENAME":"Atlantic Avenue","ELEVTYP_F":0,"ELEVTYP_T":0},"geometry":{"type":"LineString","coordinates":[[-74.0561558293722,40.0877289954693],[-74.0564782291537,40.087745467324],[-74.0568727605599,40.0877669906042],[-74.0572077837339,40.0877768643139],[-74.057539072639,40.0877895509635],[-74.0579484734441,40.0878111543961],[-74.0581122227848,40.0878203447442],[-74.0582536316503,40.0878351870752],[-74.0583800643583,40.0878556825261],[-74.0585288721246,40.0878762631146],[-74.058829240342,40.0879281137049]]}},{"type":"Feature","id":295501,"properties":{"OBJECTID":295501,"PRIMENAME":"Unnamed Segment","ELEVTYP_F":0,"ELEVTYP_T":0},"geometry":{"type":"LineString","coordinates":[[-74.0543004284923,40.1069531363769],[-74.0543894274429,40.106838136607],[-74.0544044283959,40.1068031368083],[-74.0543924275399,40.106748135111],[-74.0543554282937,40.1066821361953],[-74.0540544265854,40.1064901361314],[-74.0538424281386,40.1063601357112],[-74.0537984258841,40.1063501351883],[-74.0537204277404,40.1063481359864],[-74.0535414269739,40.1063791350891],[-74.053379427506,40.1064131357183],[-74.0533394265205,40.1064271357938],[-74.0532924290277,40.1064701362719]]}},{"type":"Feature","id":295870,"properties":{"OBJECTID":295870,"PRIMENAME":"Sherman Avenue","ELEVTYP_F":0,"ELEVTYP_T":0},"geometry":{"type":"LineString","coordinates":[[-74.0593168125892,40.0815140021487],[-74.0592171113302,40.0817728079915],[-74.0587469827927,40.0830864636337]]}},{"type":"Feature","id":295960,"properties":{"OBJECTID":295960,"PRIMENAME":"Broadway","ELEVTYP_F":0,"ELEVTYP_T":0},"geometry":{"type":"LineString","coordinates":[[-74.0356714688325,40.1003818558446],[-74.035777797332,40.1004382310613],[-74.0359611725313,40.1004567553646],[-74.036109317179,40.1004253391698]]}},{"type":"Feature","id":295974,"properties":{"OBJECTID":295974,"PRIMENAME":"Riverwood Pike","ELEVTYP_F":0,"ELEVTYP_T":0},"geometry":{"type":"LineString","coordinates":[[-74.05643993098,40.0911582165613],[-74.0564181270367,40.0909529438824],[-74.0563276149372,40.0901614659728]]}},{"type":"Feature","id":296371,"properties":{"OBJECTID":296371,"PRIMENAME":"Burnt Tavern Road","ELEVTYP_F":0,"ELEVTYP_T":0},"geometry":{"type":"LineString","coordinates":[[-74.0590409779703,40.0783337095173],[-74.0589507467833,40.0783048969065],[-74.0588429806594,40.0782655991311],[-74.0588319125581,40.0782615624065],[-74.0586610314471,40.0782036985797],[-74.0585310110911,40.0781603220548],[-74.0584010107032,40.0781140614399],[-74.0582635768895,40.0780678011567],[-74.0582236569012,40.0780513139539]]}},{"type":"Feature","id":296505,"properties":{"OBJECTID":296505,"PRIMENAME":"FR RT 35 NB to RT 35 SB","ELEVTYP_F":0,"ELEVTYP_T":0},"geometry":{"type":"LineString","coordinates":[[-74.0486122839892,40.0834511704222],[-74.0485919155695,40.083498327463],[-74.0485668897121,40.0835441427983],[-74.048537354406,40.0835883454853],[-74.0485034843089,40.0836306741174],[-74.0484808994087,40.0836533453574],[-74.0484556642196,40.0836743026641],[-74.048427998034,40.0836933639178],[-74.0483981412704,40.0837103634754],[-74.048366353384,40.0837251536097],[-74.0483329106124,40.0837376057939],[-74.0482981035744,40.0837476118175],[-74.0482622347451,40.0837550847277],[-74.0481430846008,40.083765728504],[-74.0480236272684,40.0837740978419],[-74.047903936326,40.0837801875864],[-74.0477840854956,40.0837839939867],[-74.0477389259288,40.0837804369027],[-74.0476942008135,40.0837744625452],[-74.0476501291787,40.0837661001723],[-74.0476069268532,40.0837553907363],[-74.0475648054079,40.0837423866839],[-74.0475239711204,40.0837271516987],[-74.0474846239642,40.0837097603899],[-74.0474469566298,40.0836902979265],[-74.0473825737855,40.0836468027206],[-74.0473232476877,40.0835992535679],[-74.0472808791661,40.0835596877963],[-74.0472420176044,40.0835180521476],[-74.0472070475834,40.0834749293366],[-74.0471765785612,40.0834298365404],[-74.0471507974424,40.0833830503828],[-74.0471298623723,40.0833348578749]]}},{"type":"Feature","id":296893,"properties":{"OBJECTID":296893,"PRIMENAME":"Polhemus Street","ELEVTYP_F":0,"ELEVTYP_T":0},"geometry":{"type":"LineString","coordinates":[[-74.0562746665986,40.0825113201585],[-74.0564939239741,40.0820002682436],[-74.0565054642921,40.08194027225],[-74.0564872694472,40.0818801353941],[-74.0564505679439,40.0817970861085],[-74.0564472037627,40.0817427155204],[-74.0564700042449,40.0816713148366],[-74.0567500760188,40.0809631894064],[-74.0567540524316,40.0809231778303],[-74.0567477242535,40.0808850209828]]}},{"type":"Feature","id":297774,"properties":{"OBJECTID":297774,"PRIMENAME":"Joseph Street","ELEVTYP_F":0,"ELEVTYP_T":0},"geometry":{"type":"LineString","coordinates":[[-74.0576980949654,40.0760304283865],[-74.0573865574995,40.077579217679]]}},{"type":"Feature","id":298526,"properties":{"OBJECTID":298526,"PRIMENAME":"Forman Avenue","ELEVTYP_F":0,"ELEVTYP_T":0},"geometry":{"type":"LineString","coordinates":[[-74.0437133365188,40.0892659066464],[-74.0439978942948,40.0892439118373],[-74.0456951101734,40.0891080164909]]}},{"type":"Feature","id":300305,"properties":{"OBJECTID":300305,"PRIMENAME":"Hayes Court","ELEVTYP_F":0,"ELEVTYP_T":0},"geometry":{"type":"LineString","coordinates":[[-74.0363786738556,40.0988061320868],[-74.0352684199547,40.0988051343285]]}},{"type":"Feature","id":301000,"properties":{"OBJECTID":301000,"PRIMENAME":"Ocean Avenue","ELEVTYP_F":0,"ELEVTYP_T":0},"geometry":{"type":"LineString","coordinates":[[-74.0362086512113,40.0998116288726],[-74.0361878356033,40.0999402585549]]}},{"type":"Feature","id":303176,"properties":{"OBJECTID":303176,"PRIMENAME":"Atlantic Avenue","ELEVTYP_F":0,"ELEVTYP_T":0},"geometry":{"type":"LineString","coordinates":[[-74.0477491212217,40.0880955110449],[-74.0481677130441,40.0880619770366],[-74.048957510013,40.087993567093],[-74.0492182809012,40.0879732781117]]}},{"type":"Feature","id":303582,"properties":{"OBJECTID":303582,"PRIMENAME":"Chadwick Court","ELEVTYP_F":0,"ELEVTYP_T":0},"geometry":{"type":"LineString","coordinates":[[-74.0575545224429,40.0810857136498],[-74.0571718977602,40.0819794718132]]}},{"type":"Feature","id":303636,"properties":{"OBJECTID":303636,"PRIMENAME":"Central Avenue","ELEVTYP_F":0,"ELEVTYP_T":0},"geometry":{"type":"LineString","coordinates":[[-74.0402422333736,40.093470682056],[-74.0410390012711,40.0934073230628],[-74.0422378465103,40.0933154048256]]}},{"type":"Feature","id":304232,"properties":{"OBJECTID":304232,"PRIMENAME":"Tyler Street","ELEVTYP_F":0,"ELEVTYP_T":0},"geometry":{"type":"LineString","coordinates":[[-74.0532582253082,40.0817933845496],[-74.0538295427233,40.0803886115073]]}},{"type":"Feature","id":304947,"properties":{"OBJECTID":304947,"PRIMENAME":"FR RT 35 SB to RT 35 NB","ELEVTYP_F":0,"ELEVTYP_T":0},"geometry":{"type":"LineString","coordinates":[[-74.0473468835521,40.0800203243634],[-74.0472796523377,40.0800473796542],[-74.0472564430394,40.080056103129],[-74.0472344501228,40.0800665246558],[-74.0472138853162,40.0800785423837],[-74.0471949439988,40.0800920444906],[-74.0471778076061,40.0801069001855],[-74.0471626365285,40.0801229695879],[-74.0471495795394,40.0801400965597],[-74.047138758463,40.0801581221552],[-74.047133515904,40.0801720086822],[-74.0471292981515,40.0801860996865],[-74.0471261185525,40.080200350579],[-74.0471239871693,40.0802147162642],[-74.047122910747,40.0802291512836],[-74.0471228926924,40.0802436099593],[-74.0471239330635,40.0802580465383],[-74.0471260285687,40.0802724153378],[-74.0471258548205,40.0803088917279],[-74.0471271142003,40.0803453555313],[-74.0471298055632,40.0803817735306],[-74.0471339264597,40.0804181125502]]}},{"type":"Feature","id":306327,"properties":{"OBJECTID":306327,"PRIMENAME":"FR RT 35 NB to RT 35 SB","ELEVTYP_F":0,"ELEVTYP_T":0},"geometry":{"type":"LineString","coordinates":[[-74.0499605788518,40.0994358607524],[-74.0499754672458,40.0994479016093],[-74.0499912118798,40.0994592820271],[-74.0500077631546,40.0994699661548],[-74.0500250689299,40.0994799203346],[-74.0500430746882,40.0994891132082],[-74.0500617237071,40.0994975158157],[-74.0500809572376,40.0995051016868],[-74.0501007146892,40.0995118469239],[-74.050113759601,40.0995154270165],[-74.0501270654978,40.0995183869753],[-74.0501405824426,40.0995207156917],[-74.0501542597063,40.099522404426],[-74.0501680459583,40.0995234468403],[-74.0501818894588,40.0995238390226],[-74.0501957382533,40.0995235795009],[-74.0502095403672,40.0995226692492],[-74.0502232440013,40.0995211116837],[-74.0502367977258,40.09951891265],[-74.0502501506738,40.0995160804009],[-74.0502632527318,40.0995126255659],[-74.0502760547277,40.099508561111],[-74.0502885086159,40.09950390229],[-74.0503005676571,40.0994986665875],[-74.0503121865939,40.0994928736531],[-74.0503303284397,40.0994753213888],[-74.0503470201111,40.0994569400861],[-74.0503621975412,40.099437800298],[-74.050375802476,40.099417975489],[-74.0503877826967,40.0993975417527],[-74.0503980922212,40.0993765775198],[-74.05040669148,40.0993551632575],[-74.0504135474683,40.0993333811599]]}},{"type":"Feature","id":306339,"properties":{"OBJECTID":306339,"PRIMENAME":"FR RT 88 WB to RT 88 EB","ELEVTYP_F":0,"ELEVTYP_T":0},"geometry":{"type":"LineString","coordinates":[[-74.0500588828773,40.0812950533448],[-74.0500746262026,40.081285578665],[-74.0500899116392,40.0812756714524],[-74.0501047190586,40.0812653447535],[-74.0501190289619,40.0812546121668],[-74.0501328225055,40.0812434878255],[-74.0501460815257,40.0812319863785],[-74.0501587885625,40.0812201229717],[-74.0501709268832,40.0812079132271],[-74.0501799114741,40.0811964321822],[-74.0501880574027,40.0811845877084],[-74.050195339834,40.0811724159175],[-74.0502017365655,40.0811599539193],[-74.0502072280952,40.0811472397081],[-74.0502117976808,40.0811343120475],[-74.050215431391,40.0811212103516],[-74.0502181181479,40.0811079745652],[-74.0502191364443,40.0810932289907],[-74.0502188632175,40.0810784641755],[-74.0502172997019,40.0810637467923],[-74.0502144529587,40.0810491432992],[-74.0502114837226,40.081038305376],[-74.0502078073608,40.0810275961403],[-74.050203433213,40.0810170427975],[-74.0501983723913,40.0810066721566],[-74.0501926377521,40.0809965105628],[-74.050186243864,40.0809865838299],[-74.0501792069697,40.0809769171753],[-74.0501715449456,40.0809675351556]]}},{"type":"Feature","id":306619,"properties":{"OBJECTID":306619,"PRIMENAME":"Franklin Street","ELEVTYP_F":0,"ELEVTYP_T":0},"geometry":{"type":"LineString","coordinates":[[-74.0565640803737,40.0763753254029],[-74.0553265316063,40.0764140843057]]}},{"type":"Feature","id":307059,"properties":{"OBJECTID":307059,"PRIMENAME":"Sanborn Avenue","ELEVTYP_F":0,"ELEVTYP_T":0},"geometry":{"type":"LineString","coordinates":[[-74.0404306334984,40.0997221684652],[-74.0413492271663,40.099713235824],[-74.0424149016375,40.0997026541289]]}},{"type":"Feature","id":307109,"properties":{"OBJECTID":307109,"PRIMENAME":"Saint Louis Avenue","ELEVTYP_F":0,"ELEVTYP_T":0},"geometry":{"type":"LineString","coordinates":[[-74.045365558187,40.0865717830101],[-74.0454762772245,40.0874170608953]]}},{"type":"Feature","id":308039,"properties":{"OBJECTID":308039,"PRIMENAME":"Bay Avenue","ELEVTYP_F":0,"ELEVTYP_T":0},"geometry":{"type":"LineString","coordinates":[[-74.0520313573581,40.0868973766686],[-74.0519892914977,40.0873386052111],[-74.0519477719577,40.0877618823293]]}},{"type":"Feature","id":308222,"properties":{"OBJECTID":308222,"PRIMENAME":"Baltimore Avenue","ELEVTYP_F":0,"ELEVTYP_T":0},"geometry":{"type":"LineString","coordinates":[[-74.0422378465103,40.0933154048256],[-74.042257846604,40.0934673538114],[-74.0423153530027,40.0939329939874],[-74.0423178853383,40.0939817880949],[-74.042320276204,40.0940571285955],[-74.042328496748,40.0944147099839]]}},{"type":"Feature","id":308324,"properties":{"OBJECTID":308324,"PRIMENAME":"Forman Avenue","ELEVTYP_F":0,"ELEVTYP_T":0},"geometry":{"type":"LineString","coordinates":[[-74.0518627456189,40.0886276170714],[-74.0503106820734,40.0887507965567],[-74.0493288560761,40.0888260462858]]}},{"type":"Feature","id":309062,"properties":{"OBJECTID":309062,"PRIMENAME":"Boston Avenue","ELEVTYP_F":0,"ELEVTYP_T":0},"geometry":{"type":"LineString","coordinates":[[-74.0402422333736,40.093470682056],[-74.0402949137676,40.0938704987083],[-74.0403055052085,40.0939591867008],[-74.0403159270265,40.0940678603397],[-74.0403206230187,40.0944270752282]]}},{"type":"Feature","id":309390,"properties":{"OBJECTID":309390,"PRIMENAME":"Minard Place","ELEVTYP_F":0,"ELEVTYP_T":0},"geometry":{"type":"LineString","coordinates":[[-74.0364244326471,40.0985491151867],[-74.0357170560435,40.0985554771202],[-74.0355033175829,40.0985621373541],[-74.0352798090265,40.0985662513764]]}},{"type":"Feature","id":309530,"properties":{"OBJECTID":309530,"PRIMENAME":"North Manetta Drive","ELEVTYP_F":0,"ELEVTYP_T":0},"geometry":{"type":"LineString","coordinates":[[-74.0487074817344,40.0834447275937],[-74.0488351534294,40.0834360882816],[-74.049048408406,40.083422481448],[-74.0491486220611,40.0834160875056],[-74.0492417239798,40.0834164498183],[-74.0493495835362,40.0834225789565],[-74.0494724514926,40.0834345055771],[-74.049561597851,40.0834548656323],[-74.049676790909,40.0834924850649]]}},{"type":"Feature","id":309787,"properties":{"OBJECTID":309787,"PRIMENAME":"Charleston Street","ELEVTYP_F":0,"ELEVTYP_T":0},"geometry":{"type":"LineString","coordinates":[[-74.0481013474262,40.0786884673349],[-74.0482188949734,40.0784809702029]]}},{"type":"Feature","id":309820,"properties":{"OBJECTID":309820,"PRIMENAME":"Riverside Place","ELEVTYP_F":0,"ELEVTYP_T":0},"geometry":{"type":"LineString","coordinates":[[-74.038334143459,40.1006362824686],[-74.0383053535702,40.1004846816617],[-74.0382931685899,40.1000871399137],[-74.0382897212367,40.1000470995306],[-74.0382974275618,40.1000071036067],[-74.0383163229133,40.0999671252599],[-74.0384408950162,40.0997415450445]]}},{"type":"Feature","id":310742,"properties":{"OBJECTID":310742,"PRIMENAME":"Saint Louis Avenue","ELEVTYP_F":0,"ELEVTYP_T":0},"geometry":{"type":"LineString","coordinates":[[-74.0446082392103,40.0809312210608],[-74.0446583999732,40.0813039302777]]}},{"type":"Feature","id":311379,"properties":{"OBJECTID":311379,"PRIMENAME":"Delaware Avenue","ELEVTYP_F":0,"ELEVTYP_T":0},"geometry":{"type":"LineString","coordinates":[[-74.0530149413599,40.0801108841739],[-74.0521902190483,40.079829653325]]}},{"type":"Feature","id":311629,"properties":{"OBJECTID":311629,"PRIMENAME":"Cottage Place","ELEVTYP_F":0,"ELEVTYP_T":0},"geometry":{"type":"LineString","coordinates":[[-74.0563362196542,40.0785179429408],[-74.056411077171,40.0781792582016],[-74.0564359985249,40.0780665003595]]}},{"type":"Feature","id":311814,"properties":{"OBJECTID":311814,"PRIMENAME":"Timber Lane","ELEVTYP_F":0,"ELEVTYP_T":0},"geometry":{"type":"LineString","coordinates":[[-74.0358044631461,40.1047140656264],[-74.0358088144699,40.1046906417401],[-74.0361243991853,40.1048482223901],[-74.0365882020241,40.1050798077152]]}},{"type":"Feature","id":312736,"properties":{"OBJECTID":312736,"PRIMENAME":"Riverwood Pike","ELEVTYP_F":0,"ELEVTYP_T":0},"geometry":{"type":"LineString","coordinates":[[-74.0564470968711,40.0912256913658],[-74.05643993098,40.0911582165613]]}},{"type":"Feature","id":313454,"properties":{"OBJECTID":313454,"PRIMENAME":"Ocean Road","ELEVTYP_F":0,"ELEVTYP_T":0},"geometry":{"type":"LineString","coordinates":[[-74.0577841757616,40.0828654730966],[-74.0575265629602,40.082798903664]]}},{"type":"Feature","id":314057,"properties":{"OBJECTID":314057,"PRIMENAME":"Clarks Landing","ELEVTYP_F":0,"ELEVTYP_T":0},"geometry":{"type":"LineString","coordinates":[[-74.0572642338645,40.0911968933162],[-74.0572103238017,40.091769515175],[-74.0570931344869,40.0920153629551],[-74.057054082376,40.0922872826983],[-74.0570645459589,40.0923990156123],[-74.0567180800865,40.0923490034074]]}},{"type":"Feature","id":314628,"properties":{"OBJECTID":314628,"PRIMENAME":"Chicago Avenue","ELEVTYP_F":0,"ELEVTYP_T":0},"geometry":{"type":"LineString","coordinates":[[-74.0443982188352,40.0982392062229],[-74.0444088291812,40.0988030518984],[-74.0444104345924,40.0989214358766]]}},{"type":"Feature","id":315136,"properties":{"OBJECTID":315136,"PRIMENAME":"Ashley Avenue","ELEVTYP_F":0,"ELEVTYP_T":0},"geometry":{"type":"LineString","coordinates":[[-74.0551570901326,40.1063476432726],[-74.0550791098758,40.1064251731809]]}},{"type":"Feature","id":315219,"properties":{"OBJECTID":315219,"PRIMENAME":"Beacon Lane","ELEVTYP_F":0,"ELEVTYP_T":0},"geometry":{"type":"LineString","coordinates":[[-74.0414693852052,40.0785647852417],[-74.0414048333794,40.0786453326791],[-74.0413652727231,40.0787111112859],[-74.0413468261836,40.0787598017659],[-74.0413404487007,40.0787926905355],[-74.0413394046745,40.0788555007222],[-74.0413296518737,40.0789255603304],[-74.0413263815284,40.0789428938254],[-74.04109541351,40.0793612939358],[-74.0408807507053,40.0796071187976],[-74.0407663463261,40.0797100108099],[-74.0407405220422,40.0797394358423],[-74.0406982774005,40.0798256276737]]}},{"type":"Feature","id":316501,"properties":{"OBJECTID":316501,"PRIMENAME":"3rd Avenue","ELEVTYP_F":0,"ELEVTYP_T":0},"geometry":{"type":"LineString","coordinates":[[-74.0370863279606,40.1048482564247],[-74.0370921575597,40.1049006871979],[-74.0370406578838,40.1051721849217],[-74.0369772405527,40.1055035361668]]}},{"type":"Feature","id":316894,"properties":{"OBJECTID":316894,"PRIMENAME":"New York Avenue","ELEVTYP_F":0,"ELEVTYP_T":0},"geometry":{"type":"LineString","coordinates":[[-74.0393946991964,40.0870392496119],[-74.0392082722335,40.0870543486414]]}},{"type":"Feature","id":316923,"properties":{"OBJECTID":316923,"PRIMENAME":"Ocean Road","ELEVTYP_F":0,"ELEVTYP_T":0},"geometry":{"type":"LineString","coordinates":[[-74.0562746665986,40.0825113201585],[-74.0558369942867,40.0824015327226],[-74.0552227531295,40.0822556505958]]}},{"type":"Feature","id":318307,"properties":{"OBJECTID":318307,"PRIMENAME":"Ocean Avenue","ELEVTYP_F":0,"ELEVTYP_T":0},"geometry":{"type":"LineString","coordinates":[[-74.0361878356033,40.0999402585549],[-74.0361815577545,40.0999790486296]]}},{"type":"Feature","id":319266,"properties":{"OBJECTID":319266,"PRIMENAME":"Grove Street","ELEVTYP_F":0,"ELEVTYP_T":0},"geometry":{"type":"LineString","coordinates":[[-74.0511975623896,40.0926334447901],[-74.0536022735478,40.0924551229377],[-74.0539842256734,40.0924254069214]]}},{"type":"Feature","id":319850,"properties":{"OBJECTID":319850,"PRIMENAME":"Burnt Tavern Road","ELEVTYP_F":0,"ELEVTYP_T":0},"geometry":{"type":"LineString","coordinates":[[-74.0592492182305,40.078399333893],[-74.0592256179517,40.0783917341187],[-74.0590409779703,40.0783337095173]]}},{"type":"Feature","id":320088,"properties":{"OBJECTID":320088,"PRIMENAME":"Catherine Street","ELEVTYP_F":0,"ELEVTYP_T":0},"geometry":{"type":"LineString","coordinates":[[-74.0567477242535,40.0808850209828],[-74.0561692149552,40.0807364262753]]}},{"type":"Feature","id":320120,"properties":{"OBJECTID":320120,"PRIMENAME":"Lincoln Avenue","ELEVTYP_F":0,"ELEVTYP_T":0},"geometry":{"type":"LineString","coordinates":[[-74.0561748452357,40.0917628944215],[-74.0562403295764,40.0912398887436]]}},{"type":"Feature","id":320186,"properties":{"OBJECTID":320186,"PRIMENAME":"Broadway","ELEVTYP_F":0,"ELEVTYP_T":0},"geometry":{"type":"LineString","coordinates":[[-74.0363518469905,40.1004546639366],[-74.0368182515208,40.1005110567812]]}},{"type":"Feature","id":320941,"properties":{"OBJECTID":320941,"PRIMENAME":"Cedar Avenue","ELEVTYP_F":0,"ELEVTYP_T":0},"geometry":{"type":"LineString","coordinates":[[-74.0504926396739,40.0971416688359],[-74.0504164257013,40.0971307205851]]}},{"type":"Feature","id":321075,"properties":{"OBJECTID":321075,"PRIMENAME":"Freedom Lane","ELEVTYP_F":0,"ELEVTYP_T":0},"geometry":{"type":"LineString","coordinates":[[-74.0440177889771,40.091570641961],[-74.0443571042986,40.0915452104304],[-74.0459816368645,40.091414707567]]}},{"type":"Feature","id":321237,"properties":{"OBJECTID":321237,"PRIMENAME":"FR RIVER AVE SB to RAMP Y101400","ELEVTYP_F":0,"ELEVTYP_T":0},"geometry":{"type":"LineString","coordinates":[[-74.0506589755254,40.0962064924908],[-74.0506473501799,40.0961973821984],[-74.0506349018528,40.0961889375385],[-74.0506216950045,40.0961812022395],[-74.0506077980231,40.0961742163563],[-74.0505932828704,40.0961680160633],[-74.0505782247089,40.096162633467],[-74.0505627015131,40.0961580964395],[-74.0505467936655,40.0961544284745],[-74.0505305835401,40.0961516485655],[-74.0505141550763,40.0961497711074],[-74.0504975933442,40.0961488058221],[-74.0504809841037,40.096148757708],[-74.0504644133609,40.0961496270142],[-74.0504479669225,40.0961514092394],[-74.0504317299514,40.0961540951547],[-74.0504157865262,40.0961576708519]]}},{"type":"Feature","id":321663,"properties":{"OBJECTID":321663,"PRIMENAME":"Orchard Avenue","ELEVTYP_F":0,"ELEVTYP_T":0},"geometry":{"type":"LineString","coordinates":[[-74.0554287121858,40.0940477018367],[-74.0540181235727,40.0936777013879]]}},{"type":"Feature","id":322340,"properties":{"OBJECTID":322340,"PRIMENAME":"Charles Street","ELEVTYP_F":0,"ELEVTYP_T":0},"geometry":{"type":"LineString","coordinates":[[-74.0582236569012,40.0780513139539],[-74.0582246713653,40.0780714131917],[-74.0582130782607,40.078134292318],[-74.0580477366617,40.0789520648794]]}},{"type":"Feature","id":323065,"properties":{"OBJECTID":323065,"PRIMENAME":"Marcia Avenue","ELEVTYP_F":0,"ELEVTYP_T":0},"geometry":{"type":"LineString","coordinates":[[-74.0509601905301,40.0849901446665],[-74.0510018160558,40.0848389338946],[-74.0510058337695,40.0847931852993],[-74.050991267303,40.0847416542828],[-74.050961796255,40.0846957758779],[-74.050913667058,40.0846555625426],[-74.0508431651997,40.0846152624422],[-74.0497263185877,40.0843347203681]]}},{"type":"Feature","id":323814,"properties":{"OBJECTID":323814,"PRIMENAME":"Bay Avenue","ELEVTYP_F":0,"ELEVTYP_T":0},"geometry":{"type":"LineString","coordinates":[[-74.0530205548197,40.0840071417573],[-74.0529659890689,40.084109550676],[-74.0528453700798,40.0843378798927],[-74.0527727586241,40.0844723674624],[-74.0527185222996,40.0845732400454],[-74.0526995836361,40.0846217862839],[-74.0526932394556,40.0846388668324]]}},{"type":"Feature","id":323978,"properties":{"OBJECTID":323978,"PRIMENAME":"Ridgefield Drive","ELEVTYP_F":0,"ELEVTYP_T":0},"geometry":{"type":"LineString","coordinates":[[-74.0556587294334,40.0857870857503],[-74.0561228989392,40.0845555330575],[-74.0561344566696,40.0844983923898],[-74.0561310750757,40.0844469048673],[-74.0561165233533,40.084392519348],[-74.0560869931988,40.0843552337166],[-74.0560350162489,40.0843292837307],[-74.0555109568923,40.0842014563539],[-74.0554587950161,40.0841984009989],[-74.0553991775515,40.0842096200002],[-74.0553581083012,40.0842265935359],[-74.0553243984604,40.0842550701279],[-74.0552944222361,40.0842864162377],[-74.0552680679833,40.084337789628],[-74.0550484245455,40.0848891669022],[-74.0549376491947,40.0851904444152]]}},{"type":"Feature","id":324305,"properties":{"OBJECTID":324305,"PRIMENAME":"Unnamed Segment","ELEVTYP_F":0,"ELEVTYP_T":0},"geometry":{"type":"LineString","coordinates":[[-74.057215709532,40.0838817695833],[-74.0561789547666,40.0836693413575],[-74.056090955961,40.0839442413642]]}},{"type":"Feature","id":325709,"properties":{"OBJECTID":325709,"PRIMENAME":"Riverside Drive","ELEVTYP_F":0,"ELEVTYP_T":0},"geometry":{"type":"LineString","coordinates":[[-74.0354181851133,40.1039296967591],[-74.0364794441689,40.1045055491449],[-74.0369443642735,40.104757812837],[-74.0370493021357,40.1048147532348],[-74.0370863279606,40.1048482564247]]}},{"type":"Feature","id":327005,"properties":{"OBJECTID":327005,"PRIMENAME":"FR RT 35 SB to RT 35 NB","ELEVTYP_F":0,"ELEVTYP_T":0},"geometry":{"type":"LineString","coordinates":[[-74.0500510244708,40.0962877553087],[-74.0500231183711,40.0962839698754],[-74.0499949042264,40.0962819368047],[-74.0498695089409,40.0962974548481],[-74.0498247488551,40.0963061277201],[-74.0497809463899,40.0963173187421],[-74.0497383413874,40.0963309666373],[-74.0496971671331,40.0963469966763],[-74.0496719928315,40.0963581452],[-74.0496478834471,40.0963706048864],[-74.0496249545739,40.0963843159972],[-74.0496033161454,40.0963992127942],[-74.0495830719087,40.0964152238541],[-74.0495643189265,40.0964322724115],[-74.0495471471117,40.0964502767263],[-74.0495316387966,40.0964691504762],[-74.0495071225581,40.0965017141146],[-74.0494869819286,40.0965360016672],[-74.0494755979411,40.0965608442035],[-74.0494665147277,40.0965862395776],[-74.0494597771804,40.0966120622849],[-74.0494554185992,40.0966381847087],[-74.0494392419005,40.0967173317002],[-74.0494274392919,40.0967969333753],[-74.0494200319186,40.096876847226],[-74.0494170330572,40.0969569301848]]}},{"type":"Feature","id":327101,"properties":{"OBJECTID":327101,"PRIMENAME":"Blodgett Avenue","ELEVTYP_F":0,"ELEVTYP_T":0},"geometry":{"type":"LineString","coordinates":[[-74.0449107103248,40.0831787375611],[-74.046259250492,40.0830674617262]]}},{"type":"Feature","id":328433,"properties":{"OBJECTID":328433,"PRIMENAME":"Central Avenue","ELEVTYP_F":0,"ELEVTYP_T":0},"geometry":{"type":"LineString","coordinates":[[-74.0462040016642,40.0930027538895],[-74.04723816671,40.0929198291302],[-74.0474787131902,40.0929012772511]]}},{"type":"Feature","id":328479,"properties":{"OBJECTID":328479,"PRIMENAME":"Trenton Avenue","ELEVTYP_F":0,"ELEVTYP_T":0},"geometry":{"type":"LineString","coordinates":[[-74.0584404633116,40.0893226243831],[-74.0579829426978,40.0892899668246],[-74.057515323657,40.0892603438463]]}},{"type":"Feature","id":328641,"properties":{"OBJECTID":328641,"PRIMENAME":"Bay Avenue","ELEVTYP_F":0,"ELEVTYP_T":0},"geometry":{"type":"LineString","coordinates":[[-74.0552677679406,40.0769352873058],[-74.0552643280177,40.0770520598135],[-74.0552526211226,40.0771378068197],[-74.0552332955823,40.0772464192992],[-74.0551870054368,40.077495022989],[-74.0551254790509,40.0777950688827],[-74.0549737473869,40.0785511783173]]}},{"type":"Feature","id":329475,"properties":{"OBJECTID":329475,"PRIMENAME":"Lake Avenue","ELEVTYP_F":0,"ELEVTYP_T":0},"geometry":{"type":"LineString","coordinates":[[-74.0420053790025,40.0813551042871],[-74.0423181465131,40.0806646580823]]}},{"type":"Feature","id":330150,"properties":{"OBJECTID":330150,"PRIMENAME":"Harborhead Drive","ELEVTYP_F":0,"ELEVTYP_T":0},"geometry":{"type":"LineString","coordinates":[[-74.0344172725246,40.1012473204287],[-74.034397571152,40.1012368761042],[-74.0343863999467,40.1012305993294],[-74.0343767544872,40.1012229731497],[-74.0343689112795,40.1012142130409],[-74.0343630914774,40.1012045675821],[-74.0343594621174,40.1011943094531],[-74.0343581197537,40.1011837272629],[-74.0343591080575,40.1011731247194],[-74.0343623956863,40.1011627980232],[-74.0343678914944,40.1011530413333],[-74.0343754399521,40.1011441305356],[-74.0346554587676,40.1008095977791]]}},{"type":"Feature","id":331309,"properties":{"OBJECTID":331309,"PRIMENAME":"Fleming Avenue","ELEVTYP_F":0,"ELEVTYP_T":0},"geometry":{"type":"LineString","coordinates":[[-74.0577841757616,40.0828654730966],[-74.0584005094118,40.0812951418036]]}},{"type":"Feature","id":333170,"properties":{"OBJECTID":333170,"PRIMENAME":"3rd Avenue","ELEVTYP_F":0,"ELEVTYP_T":0},"geometry":{"type":"LineString","coordinates":[[-74.0367500309828,40.1067692839526],[-74.0366421876563,40.107393079163]]}},{"type":"Feature","id":333704,"properties":{"OBJECTID":333704,"PRIMENAME":"Ocean Avenue","ELEVTYP_F":0,"ELEVTYP_T":0},"geometry":{"type":"LineString","coordinates":[[-74.036109317179,40.1004253391698],[-74.0358463892429,40.1018448034642]]}},{"type":"Feature","id":333914,"properties":{"OBJECTID":333914,"PRIMENAME":"Bay Avenue","ELEVTYP_F":0,"ELEVTYP_T":0},"geometry":{"type":"LineString","coordinates":[[-74.0552364047293,40.0764169060596],[-74.055252643687,40.0765630194618],[-74.0552630681401,40.0766745743449],[-74.0552661324729,40.0767746801763],[-74.0552691049427,40.0768890886654],[-74.0552677679406,40.0769352873058]]}},{"type":"Feature","id":334420,"properties":{"OBJECTID":334420,"PRIMENAME":"Arnold Avenue","ELEVTYP_F":0,"ELEVTYP_T":0},"geometry":{"type":"LineString","coordinates":[[-74.0511931531156,40.0916285888902],[-74.0507396466257,40.0916633440021],[-74.0497174611654,40.0917437103254]]}},{"type":"Feature","id":334539,"properties":{"OBJECTID":334539,"PRIMENAME":"South Manetta Drive","ELEVTYP_F":0,"ELEVTYP_T":0},"geometry":{"type":"LineString","coordinates":[[-74.0523715394466,40.0838544119058],[-74.0523927178734,40.0837804253072],[-74.0524005818557,40.0837146222887],[-74.0523971489253,40.0836603071831],[-74.0523716366109,40.0835830102604],[-74.0523384515747,40.0835256700445],[-74.0522682091217,40.083456737895],[-74.0521754781184,40.0834106702109],[-74.0520602100326,40.0833787624596],[-74.0518670365003,40.0833236585424],[-74.0502575486409,40.0829313473658],[-74.0501868581087,40.082925389527],[-74.0501160927743,40.0829307980928],[-74.0500564212327,40.0829449242743],[-74.0500041089629,40.0829704169288],[-74.0499592856396,40.0829874009908],[-74.0499144923601,40.0830215433424],[-74.0498732549681,40.0830586096306],[-74.0498469727061,40.0830985072513],[-74.0498245795804,40.0831436097691],[-74.0498129611631,40.0831670078389],[-74.049728799069,40.0833681710192],[-74.049676790909,40.0834924850649]]}},{"type":"Feature","id":335040,"properties":{"OBJECTID":335040,"PRIMENAME":"Rosewood Avenue","ELEVTYP_F":0,"ELEVTYP_T":0},"geometry":{"type":"LineString","coordinates":[[-74.0549150893975,40.0864036449038],[-74.0563991261121,40.0867385394716]]}},{"type":"Feature","id":335147,"properties":{"OBJECTID":335147,"PRIMENAME":"Washington Avenue","ELEVTYP_F":0,"ELEVTYP_T":0},"geometry":{"type":"LineString","coordinates":[[-74.0451393714507,40.0848765423362],[-74.0452793377225,40.084865232434],[-74.0472979563617,40.0847044391262]]}},{"type":"Feature","id":335669,"properties":{"OBJECTID":335669,"PRIMENAME":"Boston Avenue","ELEVTYP_F":0,"ELEVTYP_T":0},"geometry":{"type":"LineString","coordinates":[[-74.0404171814668,40.0989639163343],[-74.0404306334984,40.0997221684652]]}},{"type":"Feature","id":336584,"properties":{"OBJECTID":336584,"PRIMENAME":"Arnold Avenue","ELEVTYP_F":0,"ELEVTYP_T":0},"geometry":{"type":"LineString","coordinates":[[-74.0587868004029,40.0893473611456],[-74.0587441605271,40.0893582349009],[-74.0587118050813,40.08937601109],[-74.0586920399262,40.089392462582],[-74.0586770310403,40.0894151091344],[-74.0586756881235,40.0894171359784],[-74.0584877665444,40.0899091314741]]}},{"type":"Feature","id":336898,"properties":{"OBJECTID":336898,"PRIMENAME":"Old Farm Road","ELEVTYP_F":0,"ELEVTYP_T":0},"geometry":{"type":"LineString","coordinates":[[-74.0549506028596,40.079133335287],[-74.0548633365137,40.0791135171027]]}},{"type":"Feature","id":336921,"properties":{"OBJECTID":336921,"PRIMENAME":"Ocean Avenue","ELEVTYP_F":0,"ELEVTYP_T":0},"geometry":{"type":"LineString","coordinates":[[-74.0400009719692,40.0842178017505],[-74.0399121840756,40.0845374424834],[-74.0396996872479,40.0852988349338]]}},{"type":"Feature","id":339337,"properties":{"OBJECTID":339337,"PRIMENAME":"Franklin Street","ELEVTYP_F":0,"ELEVTYP_T":0},"geometry":{"type":"LineString","coordinates":[[-74.0553265316063,40.0764140843057],[-74.0552364047293,40.0764169060596]]}},{"type":"Feature","id":340042,"properties":{"OBJECTID":340042,"PRIMENAME":"Lincoln Avenue","ELEVTYP_F":0,"ELEVTYP_T":0},"geometry":{"type":"LineString","coordinates":[[-74.056042223889,40.0926003648946],[-74.0560643113899,40.0925402455555],[-74.0560844188034,40.0924767680526],[-74.0560968049025,40.0923860285613],[-74.0561126021321,40.0922597770808]]}},{"type":"Feature","id":340962,"properties":{"OBJECTID":340962,"PRIMENAME":"Borden Avenue","ELEVTYP_F":0,"ELEVTYP_T":0},"geometry":{"type":"LineString","coordinates":[[-74.0575265629602,40.082798903664],[-74.0572596504926,40.0836936261621],[-74.0572328373045,40.083805065432],[-74.057215709532,40.0838817695833]]}},{"type":"Feature","id":341031,"properties":{"OBJECTID":341031,"PRIMENAME":"Ocean Road","ELEVTYP_F":0,"ELEVTYP_T":0},"geometry":{"type":"LineString","coordinates":[[-74.0602250341624,40.0834398065325],[-74.0598886902212,40.0833607543624],[-74.0594371792922,40.083252282592]]}},{"type":"Feature","id":341376,"properties":{"OBJECTID":341376,"PRIMENAME":"River Oaks Lane","ELEVTYP_F":0,"ELEVTYP_T":0},"geometry":{"type":"LineString","coordinates":[[-74.056042223889,40.0926003648946],[-74.0561273845315,40.092621173871]]}},{"type":"Feature","id":341709,"properties":{"OBJECTID":341709,"PRIMENAME":"Saint Louis Avenue","ELEVTYP_F":0,"ELEVTYP_T":0},"geometry":{"type":"LineString","coordinates":[[-74.0465059531766,40.0982089333296],[-74.046546263284,40.0996650382854]]}},{"type":"Feature","id":341887,"properties":{"OBJECTID":341887,"PRIMENAME":"Cedar Avenue","ELEVTYP_F":0,"ELEVTYP_T":0},"geometry":{"type":"LineString","coordinates":[[-74.0520494898036,40.0974350787479],[-74.0505801021639,40.0971542242788],[-74.0504926396739,40.0971416688359]]}},{"type":"Feature","id":342162,"properties":{"OBJECTID":342162,"PRIMENAME":"New York Avenue","ELEVTYP_F":0,"ELEVTYP_T":0},"geometry":{"type":"LineString","coordinates":[[-74.0413796799099,40.0868800182952],[-74.0403471083083,40.0869619362576],[-74.0393946991964,40.0870392496119]]}},{"type":"Feature","id":342291,"properties":{"OBJECTID":342291,"PRIMENAME":"Bay Avenue","ELEVTYP_F":0,"ELEVTYP_T":0},"geometry":{"type":"LineString","coordinates":[[-74.0548633365137,40.0791135171027],[-74.0548406550814,40.0792324124054],[-74.0548134107378,40.0794153105284],[-74.0548015173946,40.0795239514527],[-74.0547896035767,40.0796411308648],[-74.0547761761842,40.0798095872137]]}},{"type":"Feature","id":342514,"properties":{"OBJECTID":342514,"PRIMENAME":"Ocean Avenue","ELEVTYP_F":0,"ELEVTYP_T":0},"geometry":{"type":"LineString","coordinates":[[-74.0361815577545,40.0999790486296],[-74.0361592083687,40.100117113188],[-74.036109317179,40.1004253391698]]}},{"type":"Feature","id":342811,"properties":{"OBJECTID":342811,"PRIMENAME":"McLean Avenue","ELEVTYP_F":0,"ELEVTYP_T":0},"geometry":{"type":"LineString","coordinates":[[-74.0529605236193,40.0937634514156],[-74.0539818269731,40.0938278400963]]}},{"type":"Feature","id":343715,"properties":{"OBJECTID":343715,"PRIMENAME":"Trenton Avenue","ELEVTYP_F":0,"ELEVTYP_T":0},"geometry":{"type":"LineString","coordinates":[[-74.0593612508569,40.089372663096],[-74.0593333599523,40.0893742593044],[-74.0592867968938,40.0893726824858],[-74.0588642817844,40.0893435932188],[-74.0588284135997,40.0893462019269],[-74.0587868004029,40.0893473611456]]}},{"type":"Feature","id":343917,"properties":{"OBJECTID":343917,"PRIMENAME":"Unnamed Segment","ELEVTYP_F":0,"ELEVTYP_T":0},"geometry":{"type":"LineString","coordinates":[[-74.0579425546661,40.0910736312357],[-74.058041912362,40.0911855925082],[-74.0580297987205,40.0913287417941],[-74.0579771900038,40.09139154531],[-74.0578836587945,40.0920155186954]]}},{"type":"Feature","id":344095,"properties":{"OBJECTID":344095,"PRIMENAME":"Osborne Avenue","ELEVTYP_F":0,"ELEVTYP_T":0},"geometry":{"type":"LineString","coordinates":[[-74.0458521975593,40.0767963854952],[-74.0460331656257,40.0768575259132]]}},{"type":"Feature","id":344429,"properties":{"OBJECTID":344429,"PRIMENAME":"1st Avenue","ELEVTYP_F":0,"ELEVTYP_T":0},"geometry":{"type":"LineString","coordinates":[[-74.0350594809974,40.1059534136063],[-74.035261673576,40.1048218694255],[-74.0353979410126,40.1040449379554],[-74.0354036810902,40.104012217338],[-74.0354181851133,40.1039296967591]]}},{"type":"Feature","id":344450,"properties":{"OBJECTID":344450,"PRIMENAME":"Catherine Street","ELEVTYP_F":0,"ELEVTYP_T":0},"geometry":{"type":"LineString","coordinates":[[-74.0584005094118,40.0812951418036],[-74.0575545224429,40.0810857136498]]}},{"type":"Feature","id":344458,"properties":{"OBJECTID":344458,"PRIMENAME":"Osborne Avenue","ELEVTYP_F":0,"ELEVTYP_T":0},"geometry":{"type":"LineString","coordinates":[[-74.0463151528186,40.0769527971783],[-74.0467251191276,40.07709132989]]}},{"type":"Feature","id":345694,"properties":{"OBJECTID":345694,"PRIMENAME":"Water Street","ELEVTYP_F":0,"ELEVTYP_T":0},"geometry":{"type":"LineString","coordinates":[[-74.0366381153148,40.0973798894775],[-74.0357914502445,40.0973875905587]]}},{"type":"Feature","id":347157,"properties":{"OBJECTID":347157,"PRIMENAME":"Osborne Avenue","ELEVTYP_F":0,"ELEVTYP_T":0},"geometry":{"type":"LineString","coordinates":[[-74.0423856354109,40.0756280900708],[-74.0435521673545,40.0760203037951]]}},{"type":"Feature","id":347184,"properties":{"OBJECTID":347184,"PRIMENAME":"Carter Avenue","ELEVTYP_F":0,"ELEVTYP_T":0},"geometry":{"type":"LineString","coordinates":[[-74.0423181465131,40.0806646580823],[-74.0420597626678,40.0805939881944],[-74.0411039740769,40.0803309928926]]}},{"type":"Feature","id":349642,"properties":{"OBJECTID":349642,"PRIMENAME":"Richmond Avenue","ELEVTYP_F":0,"ELEVTYP_T":0},"geometry":{"type":"LineString","coordinates":[[-74.0485803245348,40.082525579065],[-74.0485856442111,40.0825007632007],[-74.0485915437779,40.0824760270552],[-74.0485980395846,40.0824513805998],[-74.0486051257322,40.0824268292157],[-74.0486128044879,40.0824023846204],[-74.0486210687801,40.0823780521906],[-74.0486299162098,40.0823538400229],[-74.0486393467049,40.0823297589253],[-74.0486503474322,40.0823035204816],[-74.0486620387862,40.0822774603624],[-74.048674417201,40.0822515857593],[-74.0486874732006,40.0822259110463],[-74.0487012067367,40.0822004434284],[-74.0487156071787,40.082175194573],[-74.048730673276,40.082150176184],[-74.0487463944099,40.0821253981274],[-74.0487627670088,40.0821008684952],[-74.048780866445,40.0820742577815],[-74.0487996242415,40.0820479162342],[-74.0488190332913,40.0820218546334],[-74.0488390864993,40.0819960819583],[-74.0488597755859,40.0819706089845],[-74.0488810922896,40.0819454437856],[-74.0489030330269,40.0819205962552],[-74.0489255860187,40.0818960744531],[-74.0489487441701,40.0818718873584],[-74.0489725003863,40.0818480439499],[-74.0489968428822,40.0818245531884],[-74.0490217669022,40.0818014249625],[-74.049047258346,40.0817786637205],[-74.0490733136069,40.0817562829584],[-74.0490999162395,40.0817342871153],[-74.0491270626671,40.0817126851837],[-74.0491547422772,40.0816914861289],[-74.0491829409641,40.0816706952998],[-74.0492116539663,40.0816503234858],[-74.0492408660175,40.08163037423],[-74.0492705688327,40.0816108592086],[-74.0493007518359,40.0815917819829],[-74.0493314009033,40.0815731506039],[-74.0493625089527,40.0815549722492],[-74.0493940630509,40.0815372522722],[-74.0494260514195,40.0815199987331],[-74.0494584646313,40.0815032188004],[-74.0494912862476,40.0814869160124],[-74.0495245080195,40.0814710966418],[-74.0495581170024,40.0814557678432],[-74.0495917658782,40.0814407886587],[-74.0496257959193,40.0814263279439],[-74.0496601953714,40.0814123901561],[-74.0496949489449,40.0813989824411],[-74.0497300425522,40.081386107446],[-74.0497654632431,40.0813737732264],[-74.0498011969241,40.08136198333],[-74.049837229508,40.0813507404037],[-74.0498735445209,40.0813400533903],[-74.0499101325776,40.0813299231538],[-74.0499469725437,40.0813203541151],[-74.0499840561888,40.081311349845],[-74.0500213635454,40.0813029156696],[-74.0500588828773,40.0812950533448]]}},{"type":"Feature","id":349901,"properties":{"OBJECTID":349901,"PRIMENAME":"Richmond Avenue","ELEVTYP_F":0,"ELEVTYP_T":0},"geometry":{"type":"LineString","coordinates":[[-74.0503743401974,40.09660540707],[-74.0503996184133,40.0968490968769],[-74.0504164257013,40.0971307205851]]}},{"type":"Feature","id":350024,"properties":{"OBJECTID":350024,"PRIMENAME":"Hawthorne Avenue","ELEVTYP_F":0,"ELEVTYP_T":0},"geometry":{"type":"LineString","coordinates":[[-74.0506867032114,40.1006052990481],[-74.0507080362054,40.1006339048397],[-74.0508010753406,40.1007563568803],[-74.0509682924638,40.1009764303582],[-74.0509771192595,40.1009880789693],[-74.052172430557,40.1025654915075],[-74.0525905410574,40.1031201972282],[-74.0526077705043,40.1031430566237],[-74.0532462749099,40.1039916583623]]}},{"type":"Feature","id":350040,"properties":{"OBJECTID":350040,"PRIMENAME":"Richmond Avenue","ELEVTYP_F":0,"ELEVTYP_T":0},"geometry":{"type":"LineString","coordinates":[[-74.0494420316384,40.0896537040662],[-74.0495480711728,40.0904579438222],[-74.0495693492705,40.0906190395318]]}},{"type":"Feature","id":350488,"properties":{"OBJECTID":350488,"PRIMENAME":"Ocean Road","ELEVTYP_F":0,"ELEVTYP_T":0},"geometry":{"type":"LineString","coordinates":[[-74.0513670723597,40.0813404834887],[-74.0511302641953,40.0812751882316],[-74.050667760569,40.0811284971548]]}},{"type":"Feature","id":350538,"properties":{"OBJECTID":350538,"PRIMENAME":"Richmond Avenue","ELEVTYP_F":0,"ELEVTYP_T":0},"geometry":{"type":"LineString","coordinates":[[-74.0491088036009,40.087127624946],[-74.0491801182146,40.0876790249543],[-74.0492182809012,40.0879732781117]]}},{"type":"Feature","id":350624,"properties":{"OBJECTID":350624,"PRIMENAME":"Parkway","ELEVTYP_F":0,"ELEVTYP_T":0},"geometry":{"type":"LineString","coordinates":[[-74.0464005033323,40.0944283666355],[-74.0460964521743,40.0943897843189],[-74.0453137925102,40.0943946957816],[-74.0443354159677,40.0944008245409]]}},{"type":"Feature","id":350650,"properties":{"OBJECTID":350650,"PRIMENAME":"Sea Avenue","ELEVTYP_F":0,"ELEVTYP_T":0},"geometry":{"type":"LineString","coordinates":[[-74.0481977087056,40.0802752822512],[-74.0473468835521,40.0800203243634]]}},{"type":"Feature","id":352028,"properties":{"OBJECTID":352028,"PRIMENAME":"Richmond Avenue","ELEVTYP_F":0,"ELEVTYP_T":0},"geometry":{"type":"LineString","coordinates":[[-74.0495693492705,40.0906190395318],[-74.0496766300969,40.091430751498],[-74.0497174611654,40.0917437103254]]}},{"type":"Feature","id":352248,"properties":{"OBJECTID":352248,"PRIMENAME":"State Highway 35","ELEVTYP_F":0,"ELEVTYP_T":1},"geometry":{"type":"LineString","coordinates":[[-74.0532462749099,40.1039916583623],[-74.0537569021529,40.1046702839154],[-74.0540817072605,40.1050995810171],[-74.0543991550363,40.1055191511597],[-74.0546845616758,40.1058963657207],[-74.0549627904037,40.1062692737072],[-74.0550791098758,40.1064251731809]]}},{"type":"Feature","id":352383,"properties":{"OBJECTID":352383,"PRIMENAME":"Parkway","ELEVTYP_F":0,"ELEVTYP_T":0},"geometry":{"type":"LineString","coordinates":[[-74.042328496748,40.0944147099839],[-74.0413275207803,40.0944192099793],[-74.0409056138153,40.0944211043983],[-74.0403206230187,40.0944270752282]]}},{"type":"Feature","id":352416,"properties":{"OBJECTID":352416,"PRIMENAME":"River Avenue","ELEVTYP_F":0,"ELEVTYP_T":0},"geometry":{"type":"LineString","coordinates":[[-74.0503742283636,40.0985885903392],[-74.0503728319757,40.0988007424432],[-74.0503806913348,40.0990188326889],[-74.050394149006,40.099177548661],[-74.0503979746984,40.0992226565506],[-74.0504135474683,40.0993333811599]]}},{"type":"Feature","id":352547,"properties":{"OBJECTID":352547,"PRIMENAME":"Ocean Road","ELEVTYP_F":0,"ELEVTYP_T":0},"geometry":{"type":"LineString","coordinates":[[-74.0498467622087,40.0808621984969],[-74.0493888572318,40.0807072851483],[-74.0490371243358,40.08057024238]]}},{"type":"Feature","id":352732,"properties":{"OBJECTID":352732,"PRIMENAME":"Cincinnati Avenue","ELEVTYP_F":0,"ELEVTYP_T":0},"geometry":{"type":"LineString","coordinates":[[-74.0475216896211,40.0863896729625],[-74.0476068209016,40.0870115719572],[-74.0476374741135,40.0872457301019]]}},{"type":"Feature","id":353004,"properties":{"OBJECTID":353004,"PRIMENAME":"State Highway 35 Avenue","ELEVTYP_F":0,"ELEVTYP_T":0},"geometry":{"type":"LineString","coordinates":[[-74.0439461114749,40.0788779388251],[-74.0440911349148,40.0789370483939],[-74.0442721557821,40.0790056521945],[-74.0445042806474,40.0790851911202],[-74.0446516962482,40.0791345458817]]}},{"type":"Feature","id":353016,"properties":{"OBJECTID":353016,"PRIMENAME":"Cincinnati Avenue","ELEVTYP_F":0,"ELEVTYP_T":0},"geometry":{"type":"LineString","coordinates":[[-74.0474155668729,40.0855484787243],[-74.0475048041264,40.0862569540124],[-74.0475216896211,40.0863896729625]]}},{"type":"Feature","id":353245,"properties":{"OBJECTID":353245,"PRIMENAME":"Hawthorne Avenue","ELEVTYP_F":0,"ELEVTYP_T":0},"geometry":{"type":"LineString","coordinates":[[-74.0489209440217,40.0935273974006],[-74.0489684901407,40.0936513689755],[-74.0489910397997,40.0937551469944],[-74.0490223296605,40.0939590257716],[-74.0490666047792,40.0943023621813],[-74.0491951400252,40.0952787372912],[-74.0492839533665,40.0959260983821],[-74.0493023552816,40.0960682115582]]}},{"type":"Feature","id":353666,"properties":{"OBJECTID":353666,"PRIMENAME":"State Highway 35 Avenue","ELEVTYP_F":0,"ELEVTYP_T":0},"geometry":{"type":"LineString","coordinates":[[-74.0427535347696,40.0779587263854],[-74.0427714565741,40.0779828735477],[-74.0428312426066,40.0780634098872],[-74.0429282062768,40.0781746209758],[-74.0430160687171,40.0782571621488],[-74.04315947801,40.0783864287009],[-74.0432891066537,40.0784870338359],[-74.0434928644219,40.0786343815044],[-74.043627233668,40.0787207028365],[-74.0437037737093,40.07876528601]]}},{"type":"Feature","id":353808,"properties":{"OBJECTID":353808,"PRIMENAME":"Richmond Avenue","ELEVTYP_F":0,"ELEVTYP_T":0},"geometry":{"type":"LineString","coordinates":[[-74.0487412052739,40.0843868911752],[-74.0487696551858,40.0845871907359]]}},{"type":"Feature","id":354100,"properties":{"OBJECTID":354100,"PRIMENAME":"Parkway","ELEVTYP_F":0,"ELEVTYP_T":0},"geometry":{"type":"LineString","coordinates":[[-74.0403206230187,40.0944270752282],[-74.0396865508478,40.0944335064732],[-74.0392825944062,40.094439721174],[-74.0383494326179,40.0944540737013],[-74.0382269141725,40.0944561640205],[-74.0375291780661,40.0944680697391],[-74.0373661759462,40.0944997031762]]}},{"type":"Feature","id":354189,"properties":{"OBJECTID":354189,"PRIMENAME":"West Laurel Avenue","ELEVTYP_F":0,"ELEVTYP_T":0},"geometry":{"type":"LineString","coordinates":[[-74.0537139122077,40.0903526166409],[-74.054889286774,40.0902479572577],[-74.0549569119064,40.0902428913041]]}},{"type":"Feature","id":355627,"properties":{"OBJECTID":355627,"PRIMENAME":"River Avenue","ELEVTYP_F":0,"ELEVTYP_T":0},"geometry":{"type":"LineString","coordinates":[[-74.0505358998316,40.0998627942119],[-74.050583799262,40.0999883578901]]}},{"type":"Feature","id":356399,"properties":{"OBJECTID":356399,"PRIMENAME":"Main Avenue","ELEVTYP_F":0,"ELEVTYP_T":0},"geometry":{"type":"LineString","coordinates":[[-74.0422718941053,40.0760994518115],[-74.0422430012295,40.0762594989288],[-74.0422282987664,40.0763738108639],[-74.0422259517461,40.0764520430113]]}},{"type":"Feature","id":362330,"properties":{"OBJECTID":362330,"PRIMENAME":"Richmond Avenue","ELEVTYP_F":0,"ELEVTYP_T":0},"geometry":{"type":"LineString","coordinates":[[-74.0487696551858,40.0845871907359],[-74.048883189925,40.0854340961288]]}},{"type":"Feature","id":363185,"properties":{"OBJECTID":363185,"PRIMENAME":"State Highway 35 Avenue","ELEVTYP_F":0,"ELEVTYP_T":0},"geometry":{"type":"LineString","coordinates":[[-74.0437037737093,40.07876528601],[-74.0437570305476,40.0787962985667],[-74.0438962140194,40.0788576001834],[-74.0439461114749,40.0788779388251]]}},{"type":"Feature","id":364715,"properties":{"OBJECTID":364715,"PRIMENAME":"Broadway","ELEVTYP_F":0,"ELEVTYP_T":0},"geometry":{"type":"LineString","coordinates":[[-74.036109317179,40.1004253391698],[-74.0359810969893,40.1003708247511],[-74.0358112609839,40.1003537823314],[-74.0356714688325,40.1003818558446]]}},{"type":"Feature","id":366576,"properties":{"OBJECTID":366576,"PRIMENAME":"Ashley Avenue","ELEVTYP_F":1,"ELEVTYP_T":0},"geometry":{"type":"LineString","coordinates":[[-74.0550791098758,40.1064251731809],[-74.0552008215622,40.1065883545956]]}},{"type":"Feature","id":366763,"properties":{"OBJECTID":366763,"PRIMENAME":"Richmond Avenue","ELEVTYP_F":0,"ELEVTYP_T":0},"geometry":{"type":"LineString","coordinates":[[-74.0492182809012,40.0879732781117],[-74.0493288560761,40.0888260462858]]}},{"type":"Feature","id":366799,"properties":{"OBJECTID":366799,"PRIMENAME":"Richmond Avenue","ELEVTYP_F":0,"ELEVTYP_T":0},"geometry":{"type":"LineString","coordinates":[[-74.0486122839892,40.0834511704222],[-74.0486522168788,40.0836444587636],[-74.0486718047156,40.0837963197416],[-74.0487016183227,40.0840274580484],[-74.0487412052739,40.0843868911752]]}},{"type":"Feature","id":367269,"properties":{"OBJECTID":367269,"PRIMENAME":"Laurel Avenue","ELEVTYP_F":0,"ELEVTYP_T":0},"geometry":{"type":"LineString","coordinates":[[-74.0439447157638,40.091010091168],[-74.0426532647707,40.091123102536],[-74.0422958458819,40.0911512577963],[-74.042022915464,40.0912024497405]]}},{"type":"Feature","id":367735,"properties":{"OBJECTID":367735,"PRIMENAME":"Richmond Avenue","ELEVTYP_F":0,"ELEVTYP_T":0},"geometry":{"type":"LineString","coordinates":[[-74.0485623964389,40.0830716008063],[-74.0485613093833,40.0830274068012],[-74.0485605471538,40.0829832095582],[-74.0485601062262,40.0829390099642],[-74.0485599877725,40.0828948080237],[-74.048560189423,40.0828506073304],[-74.0485607158615,40.0828064088031],[-74.0485615647421,40.0827622124328],[-74.0485627360465,40.0827180209214],[-74.0485642297799,40.0826738333682],[-74.0485655586585,40.0826407579154],[-74.0485670680769,40.0826076876694],[-74.0485691960257,40.0825912168932],[-74.0485715876399,40.0825747705623],[-74.0485742429432,40.0825583450742],[-74.0485771607273,40.0825419458282],[-74.0485803245348,40.082525579065]]}},{"type":"Feature","id":367764,"properties":{"OBJECTID":367764,"PRIMENAME":"Richmond Avenue","ELEVTYP_F":0,"ELEVTYP_T":0},"geometry":{"type":"LineString","coordinates":[[-74.0482264401567,40.0807461611852],[-74.0482387279501,40.0808335096468],[-74.0483146284505,40.0813163778321],[-74.0483808713221,40.0818599888135],[-74.048444907954,40.0823372920361]]}},{"type":"Feature","id":367994,"properties":{"OBJECTID":367994,"PRIMENAME":"State Highway 35","ELEVTYP_F":0,"ELEVTYP_T":0},"geometry":{"type":"LineString","coordinates":[[-74.0552008215622,40.1065883545956],[-74.0556775690977,40.1072125433052],[-74.0557045736104,40.1072478989531],[-74.0559630928361,40.1075849156769],[-74.0562310133981,40.1079005269348],[-74.0563411639103,40.1080222860862],[-74.0564159596625,40.1081049639578],[-74.0564231893478,40.1081117585196],[-74.0566260873134,40.1083024699041]]}},{"type":"Feature","id":371085,"properties":{"OBJECTID":371085,"PRIMENAME":"Main Avenue","ELEVTYP_F":0,"ELEVTYP_T":0},"geometry":{"type":"LineString","coordinates":[[-74.0424044651989,40.0773531028068],[-74.0424626577453,40.0775114637412],[-74.0425315902047,40.0776404360078],[-74.042623726448,40.0777837758307],[-74.0427535347696,40.0779587263854]]}},{"type":"Feature","id":371859,"properties":{"OBJECTID":371859,"PRIMENAME":"Richmond Avenue","ELEVTYP_F":0,"ELEVTYP_T":0},"geometry":{"type":"LineString","coordinates":[[-74.050324028036,40.0962005532127],[-74.0503241295177,40.0962013498169],[-74.0503558525417,40.0964271373289],[-74.0503565992066,40.0964343277361],[-74.0503743401974,40.09660540707]]}},{"type":"Feature","id":371976,"properties":{"OBJECTID":371976,"PRIMENAME":"Cincinnati Avenue","ELEVTYP_F":0,"ELEVTYP_T":0},"geometry":{"type":"LineString","coordinates":[[-74.0477491212217,40.0880955110449],[-74.0478612452438,40.0889384852954]]}},{"type":"Feature","id":372315,"properties":{"OBJECTID":372315,"PRIMENAME":"State Highway 35","ELEVTYP_F":1,"ELEVTYP_T":0},"geometry":{"type":"LineString","coordinates":[[-74.0551570901326,40.1063476432726],[-74.0550385085344,40.1061902130206],[-74.0548472596733,40.1059363044017],[-74.0544981828271,40.1054750389555],[-74.0544918715667,40.1054666986187],[-74.0541563852381,40.105028701448],[-74.0540579664573,40.1049002094546],[-74.0534950430621,40.1041366306104],[-74.0533448927193,40.1039413172829]]}},{"type":"Feature","id":372522,"properties":{"OBJECTID":372522,"PRIMENAME":"Richmond Avenue","ELEVTYP_F":0,"ELEVTYP_T":0},"geometry":{"type":"LineString","coordinates":[[-74.0493288560761,40.0888260462858],[-74.049415105391,40.089449375668],[-74.0494420316384,40.0896537040662]]}},{"type":"Feature","id":373181,"properties":{"OBJECTID":373181,"PRIMENAME":"Richmond Avenue","ELEVTYP_F":0,"ELEVTYP_T":0},"geometry":{"type":"LineString","coordinates":[[-74.0502884432903,40.0959478470685],[-74.050324028036,40.0962005532127]]}},{"type":"Feature","id":376667,"properties":{"OBJECTID":376667,"PRIMENAME":"Main Avenue","ELEVTYP_F":0,"ELEVTYP_T":0},"geometry":{"type":"LineString","coordinates":[[-74.0425344752494,40.0749982159328],[-74.0424395473414,40.0754059047061],[-74.0423856354109,40.0756280900708]]}},{"type":"Feature","id":376678,"properties":{"OBJECTID":376678,"PRIMENAME":"Cincinnati Avenue","ELEVTYP_F":0,"ELEVTYP_T":0},"geometry":{"type":"LineString","coordinates":[[-74.0471530499566,40.0821537192851],[-74.0471506375505,40.0822707719535],[-74.047149109765,40.0823449172884],[-74.0471282037468,40.0826844038073],[-74.0471173715953,40.0829167527015],[-74.0471252905188,40.0831240816047],[-74.0471298623723,40.0833348578749]]}},{"type":"Feature","id":377594,"properties":{"OBJECTID":377594,"PRIMENAME":"Laurel Court","ELEVTYP_F":0,"ELEVTYP_T":0},"geometry":{"type":"LineString","coordinates":[[-74.0459173711404,40.090897925554],[-74.0456834450553,40.0908733165393],[-74.0439456814348,40.0910100121064],[-74.0439447157638,40.091010091168]]}},{"type":"Feature","id":377598,"properties":{"OBJECTID":377598,"PRIMENAME":"State Highway 35 Avenue","ELEVTYP_F":0,"ELEVTYP_T":0},"geometry":{"type":"LineString","coordinates":[[-74.0446516962482,40.0791345458817],[-74.0459920044811,40.0795832662129]]}},{"type":"Feature","id":377602,"properties":{"OBJECTID":377602,"PRIMENAME":"Hawthorne Avenue","ELEVTYP_F":0,"ELEVTYP_T":0},"geometry":{"type":"LineString","coordinates":[[-74.0494170330572,40.0969569301848],[-74.0494743601272,40.0974031560407],[-74.0495678972927,40.098039800635],[-74.0496351551158,40.0984332448842],[-74.049680236985,40.0986550763621],[-74.0497031483396,40.0987369480819]]}},{"type":"Feature","id":377848,"properties":{"OBJECTID":377848,"PRIMENAME":"Richmond Avenue","ELEVTYP_F":0,"ELEVTYP_T":0},"geometry":{"type":"LineString","coordinates":[[-74.0499642359474,40.093579004727],[-74.0499827666388,40.0937125536858],[-74.0500671512188,40.0943276938601],[-74.050142206679,40.0949428247003],[-74.0501997354785,40.0953970123434],[-74.0502758763906,40.095858465101],[-74.0502884432903,40.0959478470685]]}},{"type":"Feature","id":378255,"properties":{"OBJECTID":378255,"PRIMENAME":"Cincinnati Avenue","ELEVTYP_F":0,"ELEVTYP_T":0},"geometry":{"type":"LineString","coordinates":[[-74.0476374741135,40.0872457301019],[-74.047722020916,40.0878914012967],[-74.0477491212217,40.0880955110449]]}},{"type":"Feature","id":378363,"properties":{"OBJECTID":378363,"PRIMENAME":"Main Avenue","ELEVTYP_F":0,"ELEVTYP_T":0},"geometry":{"type":"LineString","coordinates":[[-74.0423856354109,40.0756280900708],[-74.042339036633,40.07582018871],[-74.0422967139892,40.0759961079513],[-74.0422720231645,40.0760987380717],[-74.0422718941053,40.0760994518115]]}},{"type":"Feature","id":378566,"properties":{"OBJECTID":378566,"PRIMENAME":"Parkway","ELEVTYP_F":0,"ELEVTYP_T":0},"geometry":{"type":"LineString","coordinates":[[-74.0443354159677,40.0944008245409],[-74.0439785465841,40.0944030445237],[-74.0432607201742,40.0944082567799],[-74.0424392425942,40.0944142143844],[-74.042328496748,40.0944147099839]]}},{"type":"Feature","id":378793,"properties":{"OBJECTID":378793,"PRIMENAME":"Cincinnati Avenue","ELEVTYP_F":0,"ELEVTYP_T":0},"geometry":{"type":"LineString","coordinates":[[-74.0480978813872,40.0907359960207],[-74.0481504313352,40.091113427578]]}},{"type":"Feature","id":379912,"properties":{"OBJECTID":379912,"PRIMENAME":"River Avenue","ELEVTYP_F":0,"ELEVTYP_T":0},"geometry":{"type":"LineString","coordinates":[[-74.0504135474683,40.0993333811599],[-74.0504246469565,40.0994122138893],[-74.050451766322,40.099533854632],[-74.0504743213609,40.0996483117642],[-74.0505061581308,40.0997592633967],[-74.0505349853056,40.0998604299552],[-74.0505358998316,40.0998627942119]]}},{"type":"Feature","id":379953,"properties":{"OBJECTID":379953,"PRIMENAME":"Richmond Avenue","ELEVTYP_F":0,"ELEVTYP_T":0},"geometry":{"type":"LineString","coordinates":[[-74.0473468835521,40.0800203243634],[-74.047726603871,40.0801666505907],[-74.0478238962278,40.0802034147822],[-74.0478890596094,40.0802280391631],[-74.0479678995862,40.0802712558351],[-74.0480420095035,40.0803215919896],[-74.0480697181099,40.0803497089334],[-74.0481021124037,40.0803825799917],[-74.0481436434363,40.0804363305116],[-74.0481895124269,40.0805366313255],[-74.0481924794599,40.080550744143],[-74.0482120685293,40.0806439512703],[-74.0482264401567,40.0807461611852]]}},{"type":"Feature","id":380174,"properties":{"OBJECTID":380174,"PRIMENAME":"Lincoln Avenue","ELEVTYP_F":0,"ELEVTYP_T":0},"geometry":{"type":"LineString","coordinates":[[-74.0556401813488,40.093542524958],[-74.0558234908693,40.0931129274316]]}},{"type":"Feature","id":380880,"properties":{"OBJECTID":380880,"PRIMENAME":"Ocean Road","ELEVTYP_F":0,"ELEVTYP_T":0},"geometry":{"type":"LineString","coordinates":[[-74.0490371243358,40.08057024238],[-74.0482832688493,40.0803053468817]]}},{"type":"Feature","id":380885,"properties":{"OBJECTID":380885,"PRIMENAME":"Cincinnati Avenue","ELEVTYP_F":0,"ELEVTYP_T":0},"geometry":{"type":"LineString","coordinates":[[-74.0471298623723,40.0833348578749],[-74.0471324392186,40.0834529712242],[-74.0471633523481,40.0837068963397],[-74.0472077776424,40.0840252251069],[-74.0472653604505,40.0844615427917],[-74.0472877043901,40.0846010374385],[-74.0472979563617,40.0847044391262]]}},{"type":"Feature","id":381097,"properties":{"OBJECTID":381097,"PRIMENAME":"Hawthorne Avenue","ELEVTYP_F":0,"ELEVTYP_T":0},"geometry":{"type":"LineString","coordinates":[[-74.0499605788518,40.0994358607524],[-74.0499727982964,40.0994640755022],[-74.0501474658419,40.0998007518305],[-74.0502317256233,40.0999420081724],[-74.0502671551024,40.1000014048223],[-74.0503368815558,40.1001130251019]]}},{"type":"Feature","id":382177,"properties":{"OBJECTID":382177,"PRIMENAME":"Sea Avenue","ELEVTYP_F":0,"ELEVTYP_T":0},"geometry":{"type":"LineString","coordinates":[[-74.0459920044811,40.0795832662129],[-74.0463522339008,40.0797037148082]]}},{"type":"Feature","id":382287,"properties":{"OBJECTID":382287,"PRIMENAME":"Hawthorne Avenue","ELEVTYP_F":0,"ELEVTYP_T":0},"geometry":{"type":"LineString","coordinates":[[-74.0481504313352,40.091113427578],[-74.0481609416077,40.0911889167671],[-74.0482185014944,40.0916359678062],[-74.0482522064269,40.0918579205383]]}},{"type":"Feature","id":382804,"properties":{"OBJECTID":382804,"PRIMENAME":"Hawthorne Avenue","ELEVTYP_F":0,"ELEVTYP_T":0},"geometry":{"type":"LineString","coordinates":[[-74.0482522064269,40.0918579205383],[-74.0482809446471,40.0920472948065],[-74.0483262781462,40.092229787644],[-74.0483627435141,40.0923478960198],[-74.0484404523587,40.0925590939516],[-74.0485321720967,40.0927703455322],[-74.0485872965606,40.0928777930172],[-74.0486930527488,40.0930748241113],[-74.0487895975656,40.0932539197945],[-74.0488539574043,40.0933757051879],[-74.0489209440217,40.0935273974006]]}},{"type":"Feature","id":382845,"properties":{"OBJECTID":382845,"PRIMENAME":"Sea Avenue","ELEVTYP_F":0,"ELEVTYP_T":0},"geometry":{"type":"LineString","coordinates":[[-74.0482832688493,40.0803053468817],[-74.0481977087056,40.0802752822512]]}},{"type":"Feature","id":383035,"properties":{"OBJECTID":383035,"PRIMENAME":"Cincinnati Avenue","ELEVTYP_F":0,"ELEVTYP_T":0},"geometry":{"type":"LineString","coordinates":[[-74.0478612452438,40.0889384852954],[-74.0478860660428,40.089125318023],[-74.047952726965,40.0896009567837],[-74.047969291919,40.0897660695086]]}},{"type":"Feature","id":385868,"properties":{"OBJECTID":385868,"PRIMENAME":"Richmond Avenue","ELEVTYP_F":0,"ELEVTYP_T":0},"geometry":{"type":"LineString","coordinates":[[-74.048444907954,40.0823372920361],[-74.0484783627662,40.0825967453066],[-74.0484931532398,40.0826773816018],[-74.0485367667388,40.0829151272175],[-74.0485623964389,40.0830716008063]]}},{"type":"Feature","id":386119,"properties":{"OBJECTID":386119,"PRIMENAME":"Richmond Avenue","ELEVTYP_F":0,"ELEVTYP_T":0},"geometry":{"type":"LineString","coordinates":[[-74.0504164257013,40.0971307205851],[-74.0504291489299,40.0974624860608]]}},{"type":"Feature","id":386138,"properties":{"OBJECTID":386138,"PRIMENAME":"Hawthorne Avenue","ELEVTYP_F":0,"ELEVTYP_T":0},"geometry":{"type":"LineString","coordinates":[[-74.0533448927193,40.1039413172829],[-74.0529272859427,40.103398093774],[-74.0526841381185,40.1030786109238],[-74.0524934302285,40.102828030248],[-74.0522620517395,40.1025227093636],[-74.0519616209547,40.1021169993797],[-74.0514631977376,40.1014573490297],[-74.0511909462873,40.1010952593222],[-74.0510724053261,40.1009286983657],[-74.0510710409562,40.1009267818143],[-74.0509926217352,40.1008156497916],[-74.050928133696,40.1007117367126],[-74.0509278113088,40.1007111779358],[-74.0508770457584,40.1006233782261],[-74.050845279507,40.1005684399757],[-74.0507532955248,40.1004000703941],[-74.0506843953643,40.1002603970891],[-74.0506435384326,40.1001646411851],[-74.0506294027912,40.1001315103157],[-74.050583799262,40.0999883578901]]}},{"type":"Feature","id":386278,"properties":{"OBJECTID":386278,"PRIMENAME":"Richmond Avenue","ELEVTYP_F":0,"ELEVTYP_T":0},"geometry":{"type":"LineString","coordinates":[[-74.0485623964389,40.0830716008063],[-74.0485940864571,40.0833127162444],[-74.0486122839892,40.0834511704222]]}},{"type":"Feature","id":387844,"properties":{"OBJECTID":387844,"PRIMENAME":"Sea Avenue","ELEVTYP_F":0,"ELEVTYP_T":0},"geometry":{"type":"LineString","coordinates":[[-74.0463522339008,40.0797037148082],[-74.0464705112991,40.0797400245995],[-74.0466265959878,40.0797879426567],[-74.0470952632771,40.0799318205766],[-74.0473468835521,40.0800203243634]]}},{"type":"Feature","id":388599,"properties":{"OBJECTID":388599,"PRIMENAME":"Cincinnati Avenue","ELEVTYP_F":0,"ELEVTYP_T":0},"geometry":{"type":"LineString","coordinates":[[-74.0472979563617,40.0847044391262],[-74.0472982589207,40.084707267581],[-74.0474155668729,40.0855484787243]]}},{"type":"Feature","id":397273,"properties":{"OBJECTID":397273,"PRIMENAME":"Cincinnati Avenue","ELEVTYP_F":0,"ELEVTYP_T":0},"geometry":{"type":"LineString","coordinates":[[-74.0471339264597,40.0804181125502],[-74.0471561503084,40.0805755063137],[-74.0471775091747,40.0808040153825],[-74.0471778758792,40.0808079546443],[-74.0471853575821,40.0810867707855],[-74.0471697495005,40.0813333761576],[-74.047154296223,40.0815620835595],[-74.0471547496814,40.0816851370485],[-74.0471559579069,40.0820124858586],[-74.0471535335788,40.0821302779519]]}},{"type":"Feature","id":397405,"properties":{"OBJECTID":397405,"PRIMENAME":"Main Avenue","ELEVTYP_F":0,"ELEVTYP_T":0},"geometry":{"type":"LineString","coordinates":[[-74.0422259517461,40.0764520430113],[-74.0422223121686,40.0765739482677],[-74.0422353516284,40.0767134352107],[-74.0422573719033,40.0768993802628],[-74.0422936512185,40.0770425266629],[-74.0423482029884,40.0772321966828],[-74.0424044651989,40.0773531028068]]}},{"type":"Feature","id":397680,"properties":{"OBJECTID":397680,"PRIMENAME":"River Avenue","ELEVTYP_F":0,"ELEVTYP_T":0},"geometry":{"type":"LineString","coordinates":[[-74.0504291489299,40.0974624860608],[-74.0504216084632,40.0977500003226],[-74.0504056913636,40.0980501934955],[-74.0503744318183,40.0985576794482],[-74.0503742283636,40.0985885903392]]}},{"type":"Feature","id":397909,"properties":{"OBJECTID":397909,"PRIMENAME":"Cincinnati Avenue","ELEVTYP_F":0,"ELEVTYP_T":0},"geometry":{"type":"LineString","coordinates":[[-74.0463522339008,40.0797037148082],[-74.0465145890823,40.0797758438761],[-74.0465795406097,40.079804698719],[-74.0467094016703,40.079876722842],[-74.0468067177144,40.0799414265711],[-74.046894599255,40.0800168268728],[-74.0469731305098,40.0801064944438],[-74.0470284433998,40.0801889322834],[-74.0470987839377,40.0803295361414],[-74.0471019141784,40.0803357928822],[-74.0471339264597,40.0804181125502]]}},{"type":"Feature","id":397981,"properties":{"OBJECTID":397981,"PRIMENAME":"Hawthorne Avenue","ELEVTYP_F":0,"ELEVTYP_T":0},"geometry":{"type":"LineString","coordinates":[[-74.0493023552816,40.0960682115582],[-74.0493249613454,40.0962429235585],[-74.0493769797189,40.0966449626123],[-74.0493978608419,40.0968075986217],[-74.0494170330572,40.0969569301848]]}},{"type":"Feature","id":398982,"properties":{"OBJECTID":398982,"PRIMENAME":"Ocean Road","ELEVTYP_F":0,"ELEVTYP_T":0},"geometry":{"type":"LineString","coordinates":[[-74.050667760569,40.0811284971548],[-74.0501715449456,40.0809675351556]]}},{"type":"Feature","id":399016,"properties":{"OBJECTID":399016,"PRIMENAME":"Hawthorne Avenue","ELEVTYP_F":0,"ELEVTYP_T":0},"geometry":{"type":"LineString","coordinates":[[-74.0503368815558,40.1001130251019],[-74.0503379781445,40.1001148136253],[-74.050339959396,40.100117979135],[-74.0504237663075,40.1002522478231],[-74.0506867032114,40.1006052990481]]}},{"type":"Feature","id":399058,"properties":{"OBJECTID":399058,"PRIMENAME":"River Oaks Lane","ELEVTYP_F":0,"ELEVTYP_T":0},"geometry":{"type":"LineString","coordinates":[[-74.0561273845315,40.092621173871],[-74.056149753091,40.0926266385105],[-74.0572109010871,40.092916787992]]}},{"type":"Feature","id":399310,"properties":{"OBJECTID":399310,"PRIMENAME":"Richmond Avenue","ELEVTYP_F":0,"ELEVTYP_T":0},"geometry":{"type":"LineString","coordinates":[[-74.0497174611654,40.0917437103254],[-74.0497918403716,40.0923141188212],[-74.0499027722255,40.0931367158783],[-74.0499642359474,40.093579004727]]}},{"type":"Feature","id":399569,"properties":{"OBJECTID":399569,"PRIMENAME":"West Laurel Avenue","ELEVTYP_F":0,"ELEVTYP_T":0},"geometry":{"type":"LineString","coordinates":[[-74.0549569119064,40.0902428913041],[-74.0552479027736,40.0902210304826],[-74.0553621270132,40.0902176536584]]}},{"type":"Feature","id":400172,"properties":{"OBJECTID":400172,"PRIMENAME":"Hawthorne Avenue","ELEVTYP_F":0,"ELEVTYP_T":0},"geometry":{"type":"LineString","coordinates":[[-74.0497031483396,40.0987369480819],[-74.0497393315532,40.0988661729212],[-74.0497896389917,40.099005803374],[-74.0498595905214,40.099201000748],[-74.0498627587685,40.0992098443247],[-74.0499605788518,40.0994358607524]]}},{"type":"Feature","id":400475,"properties":{"OBJECTID":400475,"PRIMENAME":"Richmond Avenue","ELEVTYP_F":0,"ELEVTYP_T":0},"geometry":{"type":"LineString","coordinates":[[-74.048883189925,40.0854340961288],[-74.0489760746231,40.0861554319954],[-74.0489928244541,40.0862766204532]]}},{"type":"Feature","id":400771,"properties":{"OBJECTID":400771,"PRIMENAME":"Ocean Road","ELEVTYP_F":0,"ELEVTYP_T":0},"geometry":{"type":"LineString","coordinates":[[-74.0501715449456,40.0809675351556],[-74.0498467622087,40.0808621984969]]}},{"type":"Feature","id":401079,"properties":{"OBJECTID":401079,"PRIMENAME":"Richmond Avenue","ELEVTYP_F":0,"ELEVTYP_T":0},"geometry":{"type":"LineString","coordinates":[[-74.0489928244541,40.0862766204532],[-74.0490871404439,40.0869601587682],[-74.0491088036009,40.087127624946]]}},{"type":"Feature","id":401188,"properties":{"OBJECTID":401188,"PRIMENAME":"Cincinnati Avenue","ELEVTYP_F":0,"ELEVTYP_T":0},"geometry":{"type":"LineString","coordinates":[[-74.047969291919,40.0897660695086],[-74.0480978813872,40.0907359960207]]}},{"type":"Feature","id":401242,"properties":{"OBJECTID":401242,"PRIMENAME":"State Highway 35","ELEVTYP_F":0,"ELEVTYP_T":1},"geometry":{"type":"LineString","coordinates":[[-74.0561404676053,40.1076338580456],[-74.0560591452441,40.1075343562299],[-74.0560334870791,40.1075029634529],[-74.0557887591967,40.1071838991628],[-74.0557475728338,40.1071280444052],[-74.0555350087676,40.1068397623712],[-74.0552952536691,40.106529442866],[-74.0552441809673,40.1064633352535],[-74.0551570901326,40.1063476432726]]}},{"type":"Feature","id":401347,"properties":{"OBJECTID":401347,"PRIMENAME":"Richmond Avenue","ELEVTYP_F":0,"ELEVTYP_T":0},"geometry":{"type":"LineString","coordinates":[[-74.0500588828773,40.0812950533448],[-74.0500915190763,40.0812887131279],[-74.0501242954829,40.0812828039775],[-74.0501571979919,40.0812773312427],[-74.0501902160512,40.0812722948825],[-74.0502233449596,40.0812676966799],[-74.0502565729807,40.0812635383906],[-74.0502898860508,40.0812598190592],[-74.0503232806292,40.0812565422748],[-74.0503567426406,40.0812537088833],[-74.0503902615447,40.0812513170423],[-74.0504238314499,40.0812493712325],[-74.0504574406437,40.0812478696069],[-74.0504910762231,40.0812468130161],[-74.0505247334927,40.0812462023425],[-74.0505583960498,40.0812460357212],[-74.0505920591753,40.0812463176373],[-74.0506257111745,40.0812470435419],[-74.0506593414834,40.0812482151955],[-74.0506876133755,40.0812495470954],[-74.0507158562407,40.0812511923168],[-74.0507440665499,40.0812531526475],[-74.0507722361139,40.0812554253537],[-74.0508003602191,40.0812580140199],[-74.0508523796658,40.0812632776151],[-74.0509043175973,40.0812689921179],[-74.0509561705328,40.0812751521109],[-74.0510079290692,40.0812817611604],[-74.0510595861845,40.0812888174381],[-74.0511111407128,40.0812963200388],[-74.0511625774303,40.0813042662015],[-74.0512138974927,40.0813126586331],[-74.0512650903896,40.0813214909881],[-74.0513161514082,40.0813307668512],[-74.0513670723597,40.0813404834887]]}},{"type":"Feature","id":434805,"properties":{"OBJECTID":434805,"PRIMENAME":"Trenton Court","ELEVTYP_F":0,"ELEVTYP_T":0},"geometry":{"type":"LineString","coordinates":[[-74.0550662686185,40.089098515419],[-74.0550623807375,40.0891686436422],[-74.0550293244074,40.0894804945958],[-74.0549569119064,40.0902428913041]]}}]}
